hx,hz,chi,D,E,infinite_tHooft,infinite_Wilson,infinite_Wilson_odd,FMstring,PKstring_odd
0.0,0.25,16,4,-2.0334361114446504,-0.0018847403655883781 - 1.6003536017692736e-15im,-0.999999862770903 - 6.832320285436009e-17im,NaN + NaN*im,0.012916988187650724,0.028809565325899688
0.0,0.25,24,4,-2.033430442809458,-0.0018064848181280977 - 1.88357597845463e-13im,-0.999999632301453 - 6.688209243616775e-16im,NaN + NaN*im,0.034994129081739635,0.001956402790837089
0.0,0.25,36,4,-2.0334301902360163,-0.003655948193634464 + 1.623413490799084e-12im,-0.9999990661412173 - 5.897153933214247e-16im,NaN + NaN*im,3.229153813206575e-11,0.009581550071985918
0.0,0.26,16,4,-2.0364033776904757,0.0006157491505911184 - 1.920371243471716e-15im,-0.999999900492449 + 2.1398646652642684e-16im,NaN + NaN*im,0.13318289461188096,0.027077997030508172
0.0,0.26,24,4,-2.0364039054994123,0.0010379010201721206 + 4.655043485343524e-13im,0.9999998875271277 - 2.912206165989126e-16im,NaN + NaN*im,0.017999577565246908,0.013059712294774676
0.0,0.26,36,4,-2.036407380927044,-0.0011198823341938137 + 3.1056265737104796e-12im,0.9999998883067857 + 2.128596929673882e-16im,NaN + NaN*im,0.004361616421622134,0.0056551651496414565
0.0,0.27,16,4,-2.039531375650502,0.004835554508368621 + 1.500316865420625e-14im,-0.9999983677891479 + 9.150566492266885e-16im,NaN + NaN*im,0.014875188344423288,0.005818613107720979
0.0,0.27,24,4,-2.0395417601126162,0.0017349105348460818 + 2.1117667362140394e-14im,0.9999998081396952 + 4.660077037260493e-16im,NaN + NaN*im,0.09018676023524427,0.009162131363718221
0.0,0.27,36,4,-2.039541066087147,0.0020218916590507992 + 5.551813204488093e-13im,0.9999996388517375 - 6.300493431278708e-16im,NaN + NaN*im,0.01956144663455074,0.008985283203752803
0.0,0.28,16,4,-2.0343101539148236,0.9863495576986532 - 4.923365189494703e-16im,0.909114114469715 - 8.940496758198793e-17im,NaN + NaN*im,8.83283681264832e-6,0.009668952791964707
0.0,0.28,24,4,-2.040908297416743,0.0002144799889662915 + 2.4348076849246696e-16im,0.9999999892439677 + 4.3124131226396083e-16im,NaN + NaN*im,0.21486852723775948,0.019338133978246103
0.0,0.28,36,4,-2.042857552436228,0.0017865723558420335 + 1.2649622847314283e-13im,-0.9999997765660944 + 9.579034873043513e-17im,NaN + NaN*im,0.018493918744328174,0.004967875827666551
0.0,0.29,16,4,-2.0463637999103446,-0.0013230046577207926 - 1.9410921829784962e-14im,0.9999998865593536 + 4.329460205773409e-17im,NaN + NaN*im,0.015221030602315196,0.020209263259078448
0.0,0.29,24,4,-2.046362502841292,-0.0022367021193332197 - 1.3263808172775161e-13im,0.9999998434499604 + 0.0im,NaN + NaN*im,0.043279618417847596,0.024173763175522455
0.0,0.31,16,4,-2.048435651729024,-0.04910390488037677 + 5.975118305257227e-16im,0.9996238509845223 + 1.5654026799869152e-15im,NaN + NaN*im,2.505862643845742e-13,0.03215246937813075
0.0,0.31,24,4,-2.0540145186191046,-0.0012066541865309842 + 5.3877704206190226e-14im,-0.9999999191634393 + 2.4768098236459192e-15im,NaN + NaN*im,0.03626183928725585,0.012766674398614702
0.0,0.31,36,4,-2.0540130731361543,-0.0009327490010407242 - 1.0403888909582871e-14im,-0.9999999148996932 - 2.0606813237125687e-16im,NaN + NaN*im,0.21869856257441958,0.007406282222361152
0.0,0.32,16,4,-2.0445525667755846,0.982306274741073 - 0.0im,0.903113802778291 + 7.895918301470677e-16im,NaN + NaN*im,4.419938287876782e-6,0.027396427115340093
0.0,0.32,24,4,-2.0582090926993377,-0.0010014426391886076 - 2.325204327673762e-15im,-0.9999998751519222 + 9.90054224985744e-17im,NaN + NaN*im,0.0791120378723385,0.012983756558925676
0.0,0.32,36,4,-2.045059317061812,0.9831306766543728 + 1.0515000974710133e-15im,0.9350898619913698 - 7.867788165465684e-16im,NaN + NaN*im,1.016668608562082e-5,0.006027694551302472
0.0,0.33,16,4,-2.0626985480639384,0.0022967100458332053 + 2.556848834991258e-16im,0.9999996208494751 - 4.784026465299357e-16im,NaN + NaN*im,0.048686816990145224,0.03475408631719885
0.0,0.33,24,4,-2.0587781568678527,-0.9695199567366161 - 8.57926702540142e-16im,0.48375779905546495 + 2.463235137361573e-13im,NaN + NaN*im,2.1519548278759476e-5,0.008344656426650261
0.0,0.33,36,4,-2.0617671546822427,-0.04840443081480519 - 7.037213420998027e-14im,0.9999242678955599 - 7.898919392312207e-16im,NaN + NaN*im,1.2722148810444644e-11,0.0048037716039544
0.0,0.34,16,4,-2.0675610113206964,-0.0005050474288081226 + 5.988646390807698e-16im,-0.9999999568284823 + 2.0204417422675553e-15im,NaN + NaN*im,0.12332344112349852,0.026251715304436273
0.0,0.34,24,4,-2.0675610390082726,-0.0011805780977386816 - 3.1470576573946235e-14im,0.9999999259585862 + 2.782657939160703e-15im,NaN + NaN*im,0.00031874974023166373,0.010589696546725706
0.0,0.34,36,4,-2.0634969252116027,0.9628843429042474 - 1.4278196209239554e-16im,0.5759979544862309 - 7.361772657684789e-15im,NaN + NaN*im,2.0373316585227593e-6,0.00315511724469142
0.0,0.35,16,4,-2.072960155476476,-0.0012362843465171184 - 1.985814477239389e-16im,0.9999998783180539 + 8.998586202729262e-17im,NaN + NaN*im,4.287312722322959e-12,0.007677737967217945
0.0,0.35,24,4,-2.0729614568689314,0.0008139369490276224 + 5.6613171931347936e-15im,0.9999999654902336 - 4.562400449055892e-16im,NaN + NaN*im,0.09039550692437855,0.024234747858342856
0.0,0.35,36,4,-2.050770576986364,-0.10643197245168949 + 3.713721058900244e-15im,0.99703984566016 + 1.199088157571958e-15im,NaN + NaN*im,0.5016281097081998,0.012155139614591604
0.0,0.36,16,4,-2.082872929158697,-0.007824263122893322 + 7.247501317879496e-18im,0.9999951722469578 - 1.730303189087893e-15im,NaN + NaN*im,6.529320642879458e-14,0.014040247742962982
0.0,0.36,24,4,-2.0844025208167656,0.0035121013609506037 - 6.506779791166998e-14im,0.9999994804196873 - 1.8558792956124782e-16im,NaN + NaN*im,0.011297587967570811,0.01303772170830685
0.0,0.37,16,4,-2.09338550854139,-0.0019123921560203348 - 3.4417836985166857e-15im,0.9999998589209514 - 2.3601063883766714e-16im,NaN + NaN*im,0.023841520353582592,0.01028873357885913
0.0,0.37,24,4,-2.0920338230826814,-0.003444687445818697 - 1.8968354173553888e-17im,0.999999947468949 - 1.4406820105350325e-16im,NaN + NaN*im,0.17843613149647997,0.012524896883424253
0.0,0.37,36,4,-2.093386771990236,-0.0011604118794197613 - 4.18328063708549e-12im,0.9999999015434438 + 0.0im,NaN + NaN*im,0.12489573859969523,0.009048897707170947
0.0,0.38,16,4,-2.1030794229663226,-0.0006217521148438176 + 1.2804932231624123e-14im,0.9999999696724228 - 4.923594151333341e-16im,NaN + NaN*im,0.023193089499245995,0.027760020851298278
0.0,0.38,24,4,-2.102486999032754,0.005395176519522629 + 1.8642860947037576e-14im,-0.9999986338130792 + 2.736759307061584e-16im,NaN + NaN*im,0.04246996492079135,0.016778494650347104
0.0,0.38,36,4,-2.103078043894091,0.0011838526877604935 + 2.5268524806207392e-12im,0.9999998991632953 - 1.650075036542703e-15im,NaN + NaN*im,0.13021163500125985,0.01107392844852321
0.0,0.39,16,4,-2.113411587262642,0.001997076894552553 + 1.1954408196941774e-13im,0.9999998472694489 - 2.2313789192101583e-16im,NaN + NaN*im,0.013972563534627001,0.018757194306760094
0.0,0.39,24,4,-1.0525542415013514,-0.9980275529514376 + 4.6592501655327656e-17im,0.35874071442906585 - 4.863249538193588e-16im,NaN + NaN*im,0.9998603335975799,0.015164792274166488
0.0,0.39,36,4,-2.1134050725774727,-0.0018617855205370422 - 5.4126348943895366e-12im,0.9999998428930562 - 3.3597224149747997e-16im,NaN + NaN*im,0.06706816984769008,0.007743359233896114
0.0,0.41,16,4,-2.135731005053125,0.003075880057782279 - 1.1471580583093118e-13im,0.9999996419407631 - 1.3551004581766877e-16im,NaN + NaN*im,0.044909934755561855,0.03866765436236916
0.0,0.41,24,4,-2.135315143307136,0.0009497448260731066 - 1.8703887116124334e-17im,-0.999999959697872 + 8.144800669840042e-17im,NaN + NaN*im,0.0308179564477298,0.013132894638069452
0.0,0.42,16,4,-2.147286869398073,0.0015327019869906951 - 1.4295249163201016e-16im,0.9999999183221852 - 4.077996254103137e-16im,NaN + NaN*im,4.36371149807313e-15,0.010178554877749171
0.0,0.42,24,4,-2.147287052711847,0.00024945406334559654 + 1.2299288376615803e-17im,0.9999999838263741 - 1.9221317372398568e-16im,NaN + NaN*im,0.3530480729242891,0.020364125301958504
0.0,0.42,36,4,-2.1476237710319492,0.0009860073223671914 - 2.7942710857121717e-11im,0.9999999550285232 + 8.189350606653508e-17im,NaN + NaN*im,0.05472987481543541,0.006525835917804053
0.0,0.43,16,4,-2.094326439980006,-0.10031665460747283 + 4.660943537285351e-16im,0.99846634969223 + 5.976059187860135e-17im,NaN + NaN*im,1.2736721382789925e-12,0.04728347343485413
0.0,0.43,24,4,-2.159944248136098,-0.002550993768615034 + 3.300973706391826e-13im,0.999999855207067 - 8.178465893637323e-17im,NaN + NaN*im,0.05519490736059701,0.027607370079370284
0.0,0.43,36,4,-2.1599466548953963,0.0009755677379745603 - 1.1810636733857876e-13im,0.9999999503587412 - 4.889767621693346e-16im,NaN + NaN*im,7.476567937604716e-10,0.006352423654277632
0.0,0.44,16,4,-2.1724304778793244,0.001270041660133603 + 9.732032983798271e-18im,-0.9999999685408423 + 1.1631553257286304e-15im,NaN + NaN*im,7.700256569463543e-14,0.03874614046550523
0.0,0.44,24,4,-2.1726407634736122,-0.0027336833000287048 - 2.015724763351088e-12im,0.9999995330567196 + 1.007469552407813e-15im,NaN + NaN*im,0.007490290959113554,0.008522170935019557
0.0,0.44,36,4,-2.1724305438241425,0.00125056186401542 + 4.9975086701283955e-15im,-0.9999999659832993 + 1.1731272515837654e-15im,NaN + NaN*im,2.824156385834073e-12,0.012766608016713428
0.0,0.45,16,4,-2.185713854933798,0.0031750152269616784 - 4.960749872334487e-14im,0.9999996427296838 + 1.2319254323088825e-16im,NaN + NaN*im,0.0008914351713364756,0.012077636725866873
0.0,0.45,36,4,-2.1857194678663365,0.011018521302618123 + 1.5313571162061496e-10im,0.9999993416953874 - 4.284260910980397e-17im,NaN + NaN*im,0.001762944769743532,0.0014117847078246577
0.1,0.1,36,4,-2.0100718436350777,0.05957152578737732 + 6.652782961226422e-11im,-0.9987040832683188 + 7.929282290985888e-16im,NaN + NaN*im,0.5808270305787893,0.009396339117454274
0.1,0.25,16,4,-2.0384278143354804,0.057072739008744745 + 3.684154391507645e-14im,0.9987257317249189 - 1.305800506145686e-15im,NaN + NaN*im,0.7213732779772181,0.005993709843541341
0.1,0.26,16,4,-2.041390655637898,0.057040685271628574 - 1.8933819489720462e-14im,0.9987263367655209 - 5.580586977886541e-16im,NaN + NaN*im,0.7228596614990996,0.00725337937573317
0.1,0.27,16,4,-2.044519418819183,0.05686590664774261 - 3.605570766990116e-14im,0.9987309045778126 + 2.501605640838489e-16im,NaN + NaN*im,0.7250391395545097,0.00897655005940051
0.1,0.28,16,4,-2.0478247301706785,0.05669001136755035 - 3.6213028833927395e-14im,0.9987336724102263 - 7.013503704013264e-16im,NaN + NaN*im,0.7274648123289362,0.023645210431954066
0.1,0.29,16,4,-2.051322564235249,0.05653157739732384 + 1.1020789161913275e-14im,0.9987377347833649 + 9.37540256774821e-17im,NaN + NaN*im,0.7296475600371738,0.017746691823990707
0.1,0.2,36,4,-2.0258409848388244,0.05904167330904727 - 4.890464779225169e-11im,-0.9987160672824797 + 1.2198237617697853e-15im,NaN + NaN*im,0.5884872083273189,0.004932328505498843
0.1,0.2,48,4,-2.0201677007424044,0.9960936998057437 + 3.603391847890572e-15im,0.9442545143327076 - 2.0541047547777435e-15im,NaN + NaN*im,1.7585874521113496e-5,0.017923059018982394
0.1,0.31,16,4,-2.0589551742031262,0.056126804096498846 - 8.283537365054589e-14im,0.9987460536950907 + 1.0813642454186174e-16im,NaN + NaN*im,0.7374858742197079,0.018036891709103536
0.1,0.32,16,4,-2.063136918128554,0.055883728005652 + 3.1314481976166697e-14im,0.9987520535478168 + 5.345247095230802e-16im,NaN + NaN*im,0.7418884330169438,0.014611197731563401
0.1,0.32,36,4,-2.0631424292464926,0.05705031586061023 - 3.221864240191535e-11im,0.9987521528341192 - 2.1330096262194237e-16im,NaN + NaN*im,0.6368882874416079,0.009425096070613441
0.1,0.33,16,4,-2.0678413608281874,0.0548158739924986 - 6.600884951897736e-14im,0.9987749406354327 + 1.1877163063798845e-15im,NaN + NaN*im,0.7641166199979813,0.030873457117554466
0.1,0.33,36,4,-2.067615914441723,0.05596938207650647 + 2.2433856746603964e-12im,0.9987586720641533 + 1.7551285883121643e-16im,NaN + NaN*im,0.719634004283948,0.00979817430709748
0.1,0.34,16,4,-2.0738684094821656,0.05349533219823086 - 5.490106971776612e-14im,0.9988032404269664 - 5.960582712540621e-16im,NaN + NaN*im,0.7955636250147583,0.01832628963713441
0.1,0.34,36,4,-2.07386662438678,0.05418691568125186 + 1.6660761665395588e-12im,0.9988030845382347 + 6.218179639242669e-16im,NaN + NaN*im,0.7324261643571213,0.009465799892971024
0.1,0.35,16,4,-2.081033051453714,0.052316149202320486 - 1.1635615313232606e-14im,0.9988294878430666 + 5.5337383281714265e-16im,NaN + NaN*im,0.8244064906636088,0.010405197495181937
0.1,0.36,16,4,-2.0891493072708287,0.05136132919054421 + 2.2381289116920647e-14im,0.998851304556322 + 4.325374267886353e-16im,NaN + NaN*im,0.8480825450826972,0.01127122230731767
0.1,0.37,16,4,-2.098085428219986,0.05052036829943654 - 2.782838354624207e-14im,0.9988711719806904 - 1.3140802254225912e-15im,NaN + NaN*im,0.8684786933647413,0.01875752811070577
0.1,0.38,16,4,-2.1077396903420853,0.049743115853000355 + 1.801477330070889e-14im,0.9988904009185371 - 1.4413258752433455e-15im,NaN + NaN*im,0.88600893737606,0.009349171057374537
0.1,0.39,16,4,-2.1180356829357003,0.049049986134257144 + 2.7553696196394543e-14im,0.9989087469077274 + 7.645060009958333e-16im,NaN + NaN*im,0.9005703925869432,0.017474870185014906
0.1,0.3,16,4,-2.055027871360922,0.05634148665724133 - 7.161367526819898e-15im,0.9987415523379317 - 2.0174796962292573e-15im,NaN + NaN*im,0.7334436320243453,0.02589006839321884
0.1,0.3,36,4,-2.05013938665945,0.06280501353684403 - 3.541541798570468e-16im,-0.9984138689985158 + 1.2758613502044513e-16im,NaN + NaN*im,0.675585081983093,0.005992292560849565
0.1,0.41,16,4,-2.1402921390191056,0.047898857533330445 - 2.2011837015686852e-14im,0.9989393156037406 - 6.364297066859918e-16im,NaN + NaN*im,0.924175992442242,0.010574532079216534
0.1,0.42,16,4,-2.152150185049271,0.047344359293570254 + 6.932611924195188e-15im,0.9989557237345909 + 6.286522146638225e-16im,NaN + NaN*im,0.9331786015758362,0.01034920882785342
0.1,0.43,16,4,-2.1644375427752305,0.04686532780516885 + 8.172518586326102e-15im,0.9989699505511647 - 1.3811098973595776e-16im,NaN + NaN*im,0.9407471283462504,0.02198912850018339
0.1,0.44,16,4,-2.177118817400803,0.046409637829082036 - 6.682459936726792e-16im,0.9989840683651022 - 6.148984589376721e-16im,NaN + NaN*im,0.9471457859284189,0.01159247428420736
0.1,0.45,16,4,-2.1901670258460384,0.04601782765100544 + 5.2532356080981425e-15im,0.9989966181530009 + 1.9840455540730629e-16im,NaN + NaN*im,0.952494376924551,0.009544648299452002
0.1,0.4,16,4,-2.1289037792438754,0.048444894589959785 + 1.1738206632247725e-14im,0.9989245199488906 + 4.488343466433996e-16im,NaN + NaN*im,0.9133381496057446,0.014537254735756715
0.1,1.0,36,4,-3.1290667316154503,0.03466186508415434 - 5.336861088548551e-14im,0.9994035934591855 + 6.838639120051532e-17im,NaN + NaN*im,0.9934410116737523,0.007351321462605647
0.255,0.2,16,4,-2.0552138472881936,0.206543793206761 + 6.546174391489693e-15im,0.9895757567331308 + 4.1492877482354054e-17im,NaN + NaN*im,0.5815797417080194,0.00928405758935826
0.255,0.2,24,4,-2.0552147470342197,0.21071138932580671 - 2.92265479548459e-12im,0.9895640884872217 - 6.815714150170327e-16im,NaN + NaN*im,0.505531188615307,0.011053327838134407
0.25,0.0,16,4,-2.033441698191323,0.3804295934206449 + 1.5791874856512703e-16im,-0.9892688197805659 - 4.87813229023794e-16im,NaN + NaN*im,0.37828023008859424,0.01899198739184542
0.25,0.0,24,4,-2.0334348649968623,0.31714032720178986 - 1.8131081355069502e-13im,-0.9893530250592346 + 1.954533885995134e-16im,NaN + NaN*im,0.4367708643911598,0.004937303926897508
0.25,0.0,36,4,-2.033285460972111,0.2610350491921656 + 6.861849164591032e-14im,-0.9897840601202994 + 4.605349415507986e-16im,NaN + NaN*im,0.5058218601457806,0.009936199878505842
0.25,0.1,16,4,-2.0381587702933777,0.20230982884599133 + 3.94893261682082e-15im,-0.9899897007132783 - 5.61410086098501e-16im,NaN + NaN*im,0.5785899874434821,0.024118005778163042
0.25,0.1,16,6,-2.0384065722641345,0.26190225848772264 - 3.3067824915605866e-16im,-0.9894736546344078 + 2.252981945538917e-16im,NaN + NaN*im,0.6311313026316505,0.00755818632298037
0.25,0.1,48,4,-2.0381777054782306,0.20819914151088745 - 1.4975190199561131e-10im,-0.9899872883593623 - 1.7622368309043412e-16im,NaN + NaN*im,0.45014336870017835,0.0051668129762062415
0.25,0.25,16,4,-2.0603018121993997,-0.9894835149482681 + 1.6478705025806705e-15im,0.9001575408967866 - 6.931672165898727e-16im,NaN + NaN*im,1.0933519283931348e-5,0.014297030798952436
0.25,0.25,24,4,-2.0662300147492387,0.1980119362724394 + 5.60594431038335e-14im,0.9901949800216668 - 7.647857980767615e-16im,NaN + NaN*im,0.5845712663178068,0.010428802742135852
0.25,0.2,48,4,-2.053793223256454,0.20572973629697483 + 1.3256209303751188e-9im,0.9900941108313707 + 5.687772024751478e-16im,NaN + NaN*im,0.4564224852315587,0.015569477741629662
0.25,0.31,48,4,-2.0864571639538103,0.19691819191220686 + 7.295461798563162e-12im,0.9904094712819372 - 5.409752318610553e-16im,NaN + NaN*im,0.5214757996378985,0.009226660666181464
0.25,0.325,48,4,-2.092713051519914,0.19486026109032478 - 1.658966354171777e-11im,-0.9904917424874384 + 8.12698928697587e-16im,NaN + NaN*im,0.5288422458075956,0.005670470823792087
0.25,0.32,48,4,-2.090560201727982,0.19566674762642258 - 1.4673188577703497e-11im,0.9904597556081095 + 6.070628633921941e-16im,NaN + NaN*im,0.5251542312312737,0.002634301103959325
0.25,0.335,48,4,-2.0972507412767216,0.18985857143125517 - 9.446880963144968e-14im,-0.9905744782488405 + 2.9428891322953314e-16im,NaN + NaN*im,0.6023005188545736,0.0017476889422150743
0.25,0.33,48,4,-2.0949991295461263,0.19152555789806383 + 2.0735347374547116e-11im,0.9906213762491644 - 1.0957452667103263e-15im,NaN + NaN*im,0.5452884830080361,0.0023567640104832335
0.25,0.34,48,4,-2.1006257423963017,0.18247362579142076 + 1.7468683445445857e-11im,0.9909477749546096 + 1.4866968095218137e-15im,NaN + NaN*im,0.5971561709811742,0.003225222110693769
0.25,0.35,48,4,-2.107445591034997,0.1751263177834542 + 6.928532947016413e-13im,0.9912146504584316 - 1.6660102182547125e-15im,NaN + NaN*im,0.6409304367038742,0.013625314900058656
0.25,0.37,48,4,-2.1194812699399557,0.16191727888091792 - 4.824935567473814e-16im,0.9914729735876625 + 4.939128516480634e-15im,NaN + NaN*im,0.7626523859180266,0.007858075692678495
0.25,0.39,48,4,-2.143367027149073,0.15471910036916325 - 9.715570298135566e-12im,0.9920378300844827 - 3.4960097369279543e-16im,NaN + NaN*im,0.7539773551896833,0.011205056890436726
0.25,0.3,48,4,-2.0825860944484784,0.19802196480120496 - 7.49882741159003e-12im,-0.9903590864645442 + 1.762664878395446e-16im,NaN + NaN*im,0.5186363089730714,0.014524937914474283
0.25,0.45,16,4,-2.214247982184297,0.13671406894888755 - 1.5569595976332128e-16im,0.9928988382820799 + 5.144919039929329e-16im,NaN + NaN*im,0.8439904979239339,0.010207785261604112
0.25,0.45,24,4,-2.2142720768314486,0.1367725926175416 - 9.381640421094017e-14im,0.9928982540077002 - 6.931553366746208e-17im,NaN + NaN*im,0.843254372771299,0.005903518440139487
0.265,0.2,16,4,-2.0581724168006423,0.21983305624486707 + 1.2258906706025656e-15im,-0.9884682388576532 + 6.014051203162323e-17im,NaN + NaN*im,0.5814458419162084,0.020468307972970733
0.265,0.2,24,4,-2.058172872864576,0.22441244749971057 - 4.1337735621471046e-12im,-0.9884580043838999 + 6.767599200159597e-16im,NaN + NaN*im,0.5049813222014953,0.008255325854342814
0.265,0.2,36,4,-2.058169892456923,0.22429114535334 - 4.293129530814426e-11im,0.9884694086449521 - 1.2376850143488069e-15im,NaN + NaN*im,0.5048630671067408,0.00904320477424277
0.26,0.0,16,4,-2.0364058625314847,0.2972968984119904 + 1.1374907448196968e-16im,-0.9881166778332482 + 3.963374024072208e-16im,NaN + NaN*im,0.5685003092487451,0.019115281740601408
0.26,0.0,24,4,-2.036410005512665,0.3233000219589423 - 2.55268259735922e-13im,0.9881120065212345 + 2.7227591866134175e-16im,NaN + NaN*im,0.45725602291934564,0.02046680769486414
0.26,0.0,36,4,-2.0364179149141943,0.3348508121577809 - 6.814373383499049e-14im,-0.9880678854702462 - 9.200572603496649e-16im,NaN + NaN*im,0.44667204108057534,0.013707889862292573
0.26,0.1,16,4,-2.041060451193268,0.21551987369495004 + 4.1791210756998164e-15im,-0.9889127731093152 + 4.3832481866947343e-16im,NaN + NaN*im,0.5786385524093914,0.01492079753536417
0.26,0.1,16,6,-2.0413684235628025,0.2816844211869369 - 6.064778868951089e-16im,-0.98823373213206 + 4.64999780870191e-16im,NaN + NaN*im,0.6284222894807178,0.02075534746142141
0.26,0.26,16,4,-2.072013938714987,0.21026814904822544 - 1.6091837600183348e-14im,0.9891730250067501 + 8.290466437167431e-16im,NaN + NaN*im,0.5858495891366204,0.003991827011659324
0.26,0.26,24,4,-2.0720110343199774,0.21026721189437178 + 3.0232003897982e-13im,0.9891733108109758 + 1.6355815415331876e-15im,NaN + NaN*im,0.5856611938410042,0.0014095523480145565
0.26,0.44,16,4,-2.2038358727684555,0.14681434359414097 - 2.1404448459278543e-15im,0.9920747062632038 + 1.267486618997083e-16im,NaN + NaN*im,0.829075237645681,0.018471691605744987
0.26,0.44,24,4,-2.1246804797772825,0.20650342113505413 + 4.7053232092153725e-14im,-0.9884526039741884 - 8.902622512524733e-16im,NaN + NaN*im,0.6047886532460612,0.010923737774845087
0.275,0.2,16,4,-2.0604966731344363,0.23487834136001673 - 3.1906373202890617e-15im,-0.9871687705729982 - 9.972208302071433e-16im,NaN + NaN*im,0.5815882405964006,0.009411936688219252
0.275,0.2,24,4,-2.0612823208060473,0.23874099558233375 + 2.7775252517354552e-11im,0.9872576588515116 - 6.022256830216166e-16im,NaN + NaN*im,0.5048587279210761,0.016308075310992747
0.275,0.2,36,4,-2.0612830397941315,0.23874047723030006 - 3.907069934369114e-12im,0.9872568178536888 + 7.219627286727695e-17im,NaN + NaN*im,0.5047597088373736,0.011097998276908255
0.27,0.0,16,4,-2.0395349418068283,0.33253071482742125 + 0.0im,-0.9867190637529311 + 7.906326745313725e-16im,NaN + NaN*im,0.49815564876722807,0.03569280489526528
0.27,0.1,16,4,-2.044117116506921,0.2294432641908331 - 1.9843730178254136e-15im,-0.9877339475436132 + 7.41704626539941e-16im,NaN + NaN*im,0.5787006147945002,0.004670941895657571
0.27,0.1,16,6,-2.044487660039893,0.2934328197932118 + 2.534485255030118e-16im,-0.9869761332664249 - 3.2413081622259014e-16im,NaN + NaN*im,0.6315170975607167,0.021373506409754797
0.27,0.27,24,4,-2.0781038895114468,0.22735639840795369 + 5.582626745049684e-12im,0.9880758686120102 + 8.308656036437259e-16im,NaN + NaN*im,0.5120195136590516,0.006616537099125824
0.27,0.43,16,4,-2.193658298467388,0.1562055481545647 + 4.545303276347262e-16im,0.9911856577110285 + 1.5769566831923395e-15im,NaN + NaN*im,0.8338613002289081,0.01527333479420703
0.27,0.43,24,4,-0.3785463930155275,-0.6541431220600004 - 1.0938131425897113e-16im,-0.37979526369390215 + 9.088183542505436e-16im,NaN + NaN*im,0.40844021860987806,0.020682892640689673
0.285,0.2,16,4,-2.064546825290207,0.2487127242281417 - 3.645032415343694e-16im,0.9859287235969544 + 6.4700709412217695e-16im,NaN + NaN*im,0.5813247734343171,0.004333468192647556
0.285,0.2,24,4,-2.0645518385216244,0.2540471950166193 - 4.462457535415095e-13im,0.9859230126624507 + 1.9107682858760094e-17im,NaN + NaN*im,0.5046695097309597,0.01263475064283281
0.28,0.0,16,4,-2.04287961311204,0.407285208628679 - 2.5309515204597337e-16im,-0.9849112356504995 - 4.106617658232418e-16im,NaN + NaN*im,0.4205192639880998,0.02887698627623848
0.28,0.0,24,4,-2.042900526896059,0.48171146963091066 + 1.594125240601159e-14im,0.9848022628755156 - 5.848577363806782e-16im,NaN + NaN*im,0.33818869982608174,0.005582463809256422
0.28,0.0,36,4,-2.042882784479546,0.3908660048274298 + 1.430377390846309e-11im,0.9850055594269075 - 9.718536797880408e-17im,NaN + NaN*im,0.39087391477472505,0.010520069193926156
0.28,0.1,16,4,-2.0473275582928445,0.24401223401389857 + 5.379459119168647e-16im,-0.9864534372821195 - 2.48402490908013e-16im,NaN + NaN*im,0.5787697413460797,0.01846922744726455
0.28,0.1,16,6,-2.0478082748126747,0.32781956399033363 - 3.2883131105211155e-16im,-0.9852670369599346 + 5.986810173927324e-16im,NaN + NaN*im,0.6205254312721299,0.011484957777619747
0.28,0.28,16,4,-2.084503587976977,0.23619995704246033 + 5.263029628123207e-15im,0.9868810005127283 - 1.843567780987463e-15im,NaN + NaN*im,0.5874107629554829,0.009540490210279036
0.28,0.28,24,4,-2.081467002600781,-0.9847404545754731 - 2.829432524546012e-16im,0.237834415327525 + 5.970482352971224e-16im,NaN + NaN*im,1.8215367506290073e-5,0.019610932130545572
0.28,0.42,16,4,-2.1842688117656253,0.16789621210011674 - 3.558162768370249e-15im,0.9901716621288551 - 3.282230003144345e-16im,NaN + NaN*im,1.1418602616143177e-11,0.006148464880277737
0.28,0.42,24,4,-2.184268329502823,0.1679548824199404 + 2.754846596975476e-15im,0.9901862317371608 - 7.301714886552872e-16im,NaN + NaN*im,0.8193013024957151,0.010863418402996107
0.295,0.2,16,4,-2.0679859185524485,0.2643672218137903 - 4.456024577171749e-15im,0.9844745425847692 + 6.827031005640713e-16im,NaN + NaN*im,0.58109340456526,0.017374598117178435
0.295,0.2,24,4,-2.0666116483568864,0.9938769658993688 + 1.1184324581672634e-15im,-0.46379475868672987 + 1.8281182786148557e-16im,NaN + NaN*im,2.9478260318848476e-10,0.008356079671318132
0.29,0.0,16,4,-2.04640486385622,0.44932956722072254 + 0.0im,-0.982885932686137 - 5.183143445484203e-16im,NaN + NaN*im,0.42122074880853694,0.005297744334208331
0.29,0.0,24,4,-2.0464109550091147,0.4443732268374163 - 2.8152834508504953e-13im,0.9829608769479674 - 5.283250653515737e-16im,NaN + NaN*im,0.390224134384015,0.008223061009796117
0.29,0.0,36,4,-2.046409809467739,0.44532971619966955 - 5.658232730476745e-15im,-0.9829881852731771 - 1.4020337959710447e-15im,NaN + NaN*im,0.37021848876460545,0.014405461781794566
0.29,0.1,16,4,-2.0507028846229853,0.2594816114567828 - 3.419365522444679e-16im,-0.9850406909567262 + 4.366798420524612e-16im,NaN + NaN*im,0.5788076043341998,0.02173741539123792
0.29,0.1,16,6,-2.0512975115791816,0.3507850553723489 - 1.3551161183080245e-16im,-0.9834924304483262 + 9.248413828533992e-16im,NaN + NaN*im,0.6185973787697957,0.0052489832438969725
0.29,0.29,16,4,-2.0912304124180396,0.24999976004012017 + 8.078770661321053e-16im,0.98559228794471 + 7.800679719687574e-16im,NaN + NaN*im,0.5880689712042195,0.02566144262075237
0.29,0.29,24,4,-2.091222340523113,0.2499967221987513 - 7.367883764894106e-15im,-0.9855937388646442 + 4.229343160635591e-16im,NaN + NaN*im,0.5877245441489548,0.020551741306136115
0.29,0.41,16,4,-2.1160343079197808,-0.9713074679383612 + 2.5031930511099383e-16im,-0.8234438970187484 - 6.615066207032991e-16im,NaN + NaN*im,8.678366948268467e-6,0.007339638694356653
0.29,0.41,24,4,-2.116837925640757,0.9728224067602897 + 1.0645217319564986e-15im,0.8972783757888048 + 5.795486042616709e-16im,NaN + NaN*im,5.3279946481722684e-5,0.019477708294697485
0.2,0.1,36,4,-2.0257692183594265,0.14729163990095573 - 6.698159641679023e-11im,0.9941870382412472 - 2.764038348726788e-16im,NaN + NaN*im,0.50163911127238,0.007479140932453209
0.2,0.255,16,4,-2.0554113387157513,0.14169377784990583 + 6.932408077432834e-15im,-0.9942977226500603 - 8.02948931812912e-16im,NaN + NaN*im,0.5901255116204491,0.013654137134355239
0.2,0.255,24,4,-2.055410322658201,0.14178036609047617 + 7.124840976520374e-13im,-0.9942973230031078 + 3.957757531809586e-16im,NaN + NaN*im,0.5877793889278699,0.02151103250809462
0.2,0.265,16,4,-2.0584368014930146,0.14139092516221083 + 3.241213926140636e-15im,0.9943110419151644 + 7.046711613673031e-17im,NaN + NaN*im,0.5897043779742179,0.027856821351339
0.2,0.265,24,4,-2.0557227003758003,0.14414011147240685 + 1.1267357898076072e-13im,-0.9940879244231404 + 0.0im,NaN + NaN*im,0.5962159373298093,0.016996523120356634
0.2,0.275,16,4,-2.0536311568676155,-0.9870250978228973 - 1.2464900961874939e-16im,0.9035984859948718 - 2.1326770525879136e-17im,NaN + NaN*im,4.452245501483924e-6,0.0007307795649747237
0.2,0.275,24,4,-2.0616329350828364,-0.13487567707769502 - 2.3296835464294127e-14im,-0.9943308728424657 - 1.6930378729727988e-15im,NaN + NaN*im,0.0009163757245402328,0.020701966857909603
0.2,0.285,16,4,-2.065008101898377,0.14045040140197199 - 2.6877604762213326e-14im,-0.9943445778174597 + 1.7572705819788603e-15im,NaN + NaN*im,0.5929957145627168,0.005692062105302336
0.2,0.285,24,4,-2.065006328322498,0.1404665544214975 - 2.9304968758028395e-13im,0.994345353810816 + 3.411344043340799e-17im,NaN + NaN*im,0.5925494522385176,0.012847588048212396
0.2,0.295,16,4,-2.0685730517179532,0.13385156724789724 + 1.5468176191228346e-14im,-0.9943657144973651 - 3.7282011642307903e-16im,NaN + NaN*im,0.7185838331107289,0.011867460420891497
0.2,0.295,24,4,-2.0652179182012835,0.9815266045156381 - 1.1130127959700355e-16im,0.27703839112357775 - 9.570908806583337e-14im,NaN + NaN*im,1.6876607183247148e-5,0.026803619729908558
0.2,0.2,36,4,-2.041452120459577,0.14571674849152602 - 4.4721910794738936e-10im,-0.9942426533410377 + 1.1184040663598903e-15im,NaN + NaN*im,0.507617477088401,0.014763530208907735
0.2,0.305,16,4,-2.0723557653771096,0.13449924353975082 + 1.541324478760001e-14im,-0.9943903889822248 + 4.825666641221414e-16im,NaN + NaN*im,0.699679196447842,0.03819021713765222
0.2,0.305,24,4,-2.072353719321539,0.1392755577118541 - 1.885764770655695e-13im,0.9943861959214836 - 1.501035152733726e-16im,NaN + NaN*im,0.5978288430946697,0.010948097540349234
0.2,0.315,16,4,-2.0763689215167926,0.1326467558639045 + 1.0534249830490031e-14im,-0.9944163712878861 + 4.652642068849191e-16im,NaN + NaN*im,0.7220286842942738,0.021006976336755363
0.2,0.315,24,4,-2.0763666661612814,0.13851508945136976 + 2.0828272847736047e-13im,0.9944163569677276 - 2.525312160104443e-16im,NaN + NaN*im,0.6007361125607982,0.018538032422863032
0.2,0.325,16,4,-2.080644823584249,0.13192553854864403 + 1.9672764916990487e-14im,-0.994448467561492 + 1.823209308746043e-16im,NaN + NaN*im,0.72410230740805,0.012439523091254078
0.2,0.325,24,4,-2.0806471581168022,0.13759476395782838 - 1.5562103949671332e-13im,0.9944493099738108 - 2.719893402526413e-15im,NaN + NaN*im,0.604917483771973,0.009023700769128333
0.2,0.32,36,4,-2.0784712060543002,0.13815764692093058 - 1.3547710436572668e-12im,0.9944293600640656 - 1.7030494266229028e-16im,NaN + NaN*im,0.601546761670612,0.0075853573078464645
0.2,0.335,16,4,-2.085773612472609,0.1278553360414346 - 4.725708736467272e-16im,0.9946195345170072 + 1.2339757318327307e-15im,NaN + NaN*im,0.7385842849050593,0.009636827676218847
0.2,0.335,48,4,-2.0857649320086367,0.13273104844688227 - 7.791475907600666e-12im,0.9946178419327615 + 1.1571234388455476e-16im,NaN + NaN*im,0.6256359044475996,0.010152315434406929
0.2,0.33,36,4,-2.08289892803501,0.1370801786183329 - 7.501564994456174e-13im,-0.9944693286415792 - 7.888426081968988e-16im,NaN + NaN*im,0.606406293603134,0.006597497578268294
0.2,0.345,16,4,-2.0902236329402815,0.12964417715250687 + 4.7674654978007064e-15im,-0.9945454182140443 + 5.336477316816233e-16im,NaN + NaN*im,0.7317444765171438,0.04861867338725099
0.2,0.345,24,4,-2.0922086211320656,0.12767061946694044 + 5.318172776747353e-14im,0.9947599578117697 + 5.256480134358542e-16im,NaN + NaN*im,0.6746094484745073,0.015388574538894117
0.2,0.34,36,4,-2.0876736968808647,0.1357665382922128 + 8.7531498771552e-14im,0.9945140424992297 - 1.667886585420592e-16im,NaN + NaN*im,0.6133177202966195,0.005910819684020861
0.2,0.355,16,4,-2.0997044130734093,0.12170056497799973 + 4.75351728001377e-15im,0.9948859225018228 + 1.2532153327976482e-15im,NaN + NaN*im,0.7583959470738142,0.028540729939435884
0.2,0.355,24,4,-2.099705020936178,0.12374612744997252 - 4.247066902319019e-14im,0.9948866527413149 - 1.296364887485606e-15im,NaN + NaN*im,0.7054844762078879,0.011368101005167414
0.2,0.35,48,4,-2.0958338169561004,0.12617192100809424 - 1.397567654704109e-11im,0.9948237038547214 + 5.24687630122983e-16im,NaN + NaN*im,0.6705894687224099,0.010852901196978949
0.2,0.365,16,4,-2.106748514294737,0.11655014201419162 - 7.329411353082754e-15im,0.9950445760110656 + 5.500376868111343e-16im,NaN + NaN*im,0.7993111032296709,0.025573187234420997
0.2,0.365,24,4,-2.1080914914129965,0.12022411279407608 + 1.4532845392929193e-12im,0.9950021358241737 + 3.023151241987141e-16im,NaN + NaN*im,0.7340148279977974,0.003455131051463848
0.2,0.375,16,4,-2.116237660157884,-0.09830794739773015 + 3.2351050742909754e-16im,0.9951367542861261 - 5.915150796723884e-16im,NaN + NaN*im,0.0004425729055280503,0.01921676359821118
0.2,0.375,24,4,-2.1162358382391853,0.11437116960378829 + 7.0146890209332435e-15im,0.9951380306537045 - 5.293263203269276e-16im,NaN + NaN*im,6.59514609198503e-12,0.008889695074370485
0.2,0.37,48,4,-2.1125806350806915,0.11875240083437744 - 1.0195504326733514e-10im,0.9950565838276434 + 4.615012419396483e-16im,NaN + NaN*im,0.7395825873887533,0.0020687979479316063
0.2,0.385,16,4,-2.127420458254745,-0.13784916241914694 - 3.786853227826024e-15im,-0.9941830565860817 + 9.192300391880692e-16im,NaN + NaN*im,0.1774586444476478,0.024088131539544887
0.2,0.38,48,4,-2.12210734515395,0.11591352345828942 - 6.652988784531787e-14im,0.9951513545173758 - 1.9556406045863646e-16im,NaN + NaN*im,0.7650787726297209,0.00439869919107509
0.2,0.395,16,4,-2.1369598215510712,0.11039551436457018 - 7.30814765058312e-16im,0.9953122039629129 + 4.052347012697622e-17im,NaN + NaN*im,0.8344838770624218,0.010265517651222215
0.2,0.395,24,4,-2.136958406994612,0.1103684425003476 - 5.852944144742658e-15im,0.9953105705177291 - 9.614710519530613e-16im,NaN + NaN*im,0.834273491327566,0.01737419563763707
0.2,0.39,48,4,-2.1245245295861714,-0.12901660189628134 + 3.0965785677846764e-15im,-0.9943383634709722 - 0.0im,NaN + NaN*im,0.01323228359899247,0.004158384402980856
0.2,0.3,36,4,-2.070434786934235,0.13957442147321159 + 1.19914223740355e-14im,-0.99437942251217 + 6.339715275797753e-16im,NaN + NaN*im,0.5957164713653772,0.015196081822261674
0.2,0.3,48,4,-2.070438709723868,0.14170012150945652 - 7.61238033788937e-10im,-0.9943782712450124 - 9.871123436855804e-16im,NaN + NaN*im,0.5242143507084669,0.00987217939040667
0.2,0.5,36,4,-2.273016344328169,0.09579732881060973 + 4.818374653698371e-15im,-0.9959994713645607 + 5.714069831273636e-16im,NaN + NaN*im,0.9181333019341672,0.013668805731710887
0.2,0.5,48,4,-2.2730921064504837,0.09604578704270753 + 2.07747032915119e-13im,0.9959997798883207 + 9.525782872998748e-17im,NaN + NaN*im,0.9133978747942536,0.008369348486391752
0.2,0.6,48,4,-2.4279719359663545,0.08789619965230061 + 6.813330330671962e-15im,0.9964929477898952 + 4.0083444953537146e-16im,NaN + NaN*im,0.9544083923669706,0.009532789903304598
0.2,0.7,48,4,-2.5962182168844885,0.08199026425424358 + 2.339911095278073e-13im,0.9968399456862992 + 9.002446749300369e-16im,NaN + NaN*im,0.9736471720680423,0.00429631952624833
0.2,0.8,48,4,-2.772547922751569,0.07733346062726563 + 8.039135793456819e-14im,0.9971123953521351 - 1.3768461726903638e-16im,NaN + NaN*im,0.9823168093458805,0.0009481224042093767
0.2,0.9,48,4,-2.954138501823853,0.07376730775206713 - 8.56625098077062e-14im,0.9973547970089025 - 5.797231723928515e-16im,NaN + NaN*im,0.9848805179449905,0.0018896076102410332
0.2,1.0,36,4,-3.139480361788364,0.07054962027077545 - 2.1062827609479444e-14im,0.9975638431326161 - 1.354516016307493e-16im,NaN + NaN*im,0.9895510335637024,0.007009875589084978
0.2,1.0,48,4,-3.1394728333249122,0.07043489986707302 - 1.8757398277840596e-14im,0.9975632387257096 + 9.473265991203155e-16im,NaN + NaN*im,0.991336713273595,0.013318188147592822
0.305,0.2,16,4,-2.0715952275792646,0.28718284167547414 - 8.55435038303979e-15im,-0.9828675237317289 - 0.0im,NaN + NaN*im,0.5046525844934603,0.01436294439072958
0.305,0.2,24,4,-2.071597373241418,0.2872744895291658 + 2.5073903035079414e-12im,0.9828562368038959 - 8.842592080433747e-16im,NaN + NaN*im,0.5044380103470472,0.02766027682677557
0.315,0.2,16,4,-2.075391474096016,0.2988409853512709 + 1.0775647397970484e-15im,0.9810736465669151 + 1.5078938393970655e-16im,NaN + NaN*im,0.5808965893724509,0.007951918373321229
0.315,0.2,24,4,-2.0620871296487704,0.9933812239563464 + 5.724008908198504e-17im,0.8695315560445758 - 1.7003862446990337e-15im,NaN + NaN*im,0.45032145205708396,0.016232294199169373
0.31,0.0,16,4,-2.0541017434911812,-0.8243091199782269 + 8.771781649924621e-16im,-0.9778795533807082 + 8.55454498190781e-16im,NaN + NaN*im,0.00016306476365598262,0.008939063288404502
0.31,0.0,24,4,-2.0541450897685922,0.5976557876200872 + 2.191513633607712e-14im,0.9772971238184556 - 6.069155500406224e-16im,NaN + NaN*im,0.33099794121664994,0.015935380360693724
0.31,0.0,36,4,-2.0541440893111784,0.612725184120267 + 5.124396007205047e-13im,0.9773242652008182 - 2.126863838525611e-15im,NaN + NaN*im,0.2898095560167214,0.009081851778709666
0.31,0.1,16,4,-2.0579795598247523,0.29338396276383516 - 5.011125033215851e-15im,-0.9817618939066576 - 3.160630408987157e-16im,NaN + NaN*im,0.5785466722438324,0.007257904413339383
0.31,0.1,16,6,-2.058893541683784,0.42161252400808114 + 9.652614470884157e-16im,-0.9790993982269955 - 1.28442932597518e-16im,NaN + NaN*im,0.5461473438801249,0.006702792169894044
0.31,0.31,16,4,-2.1057296303763393,0.2790508366147706 + 1.2608139430332859e-15im,0.982690015668217 - 1.5774534977105491e-15im,NaN + NaN*im,0.5905189915110077,0.015577334577633625
0.31,0.31,24,4,-2.1021649190503773,0.232980755924684 - 1.8959571216811544e-15im,0.9827623251627335 - 3.099052724226436e-15im,NaN + NaN*im,0.8225324565603589,0.01571471417400583
0.31,0.39,16,4,-2.158391506296522,0.7333358675671799 + 9.192156754863788e-17im,0.9861891278132138 + 7.262605142675962e-16im,NaN + NaN*im,0.014394569786431149,0.029663866711075227
0.31,0.39,24,4,-2.160688551873163,0.21694560172743438 - 1.244044744815517e-13im,0.986240243474979 - 8.319830027745918e-16im,NaN + NaN*im,0.7286456793440771,0.010861862394644747
0.325,0.1,48,4,-2.063944116201519,0.33272617644781016 - 2.186279981249371e-12im,0.978809487588083 - 4.2967465512099804e-17im,NaN + NaN*im,0.44871517292377827,0.005393713808190411
0.325,0.25,48,4,-2.08700445756229,0.9905226040781129 + 3.250602699227176e-15im,0.9041723290998713 + 4.261696541625103e-16im,NaN + NaN*im,0.32747947684338125,0.006242900280574631
0.325,0.2,48,4,-2.079377490298722,0.3283172570708273 - 7.733838113154139e-12im,0.9790977122336993 - 4.3075792998036363e-16im,NaN + NaN*im,0.45170230991878096,0.017639882332049658
0.325,0.31,48,4,-2.111503620488961,0.3124243928091945 + 2.939254945412134e-12im,-0.9799546505244868 + 1.1828223839877583e-15im,NaN + NaN*im,0.5128493252782422,0.008603152713167313
0.325,0.325,48,4,-2.1176112778571947,0.30876977938184713 - 1.7772091061742671e-13im,0.9801906140943136 - 3.5686192779542303e-16im,NaN + NaN*im,0.5188858679177952,0.005231613373710934
0.325,0.32,48,4,-2.1155074718118367,0.31013672926858066 - 8.999346248452555e-13im,0.9801003271586799 - 7.577749855933367e-17im,NaN + NaN*im,0.5171028131043381,0.006323477363457721
0.325,0.33,48,4,-2.1158762292998645,0.9726509662075006 - 1.4339031211000966e-15im,0.435017015659176 + 1.5345508700030257e-14im,NaN + NaN*im,0.10722040708799936,0.009146746136578978
0.325,0.34,48,4,-2.109192348574506,0.9824012583826497 - 1.93137581231615e-15im,0.8822623712284374 + 2.1122579588272215e-15im,NaN + NaN*im,0.3529936040790246,0.004933146027195907
0.325,0.38,48,4,-2.1560419062724048,0.24444596813802777 - 1.782734047704707e-11im,0.9838189846281559 - 8.272453301345575e-16im,NaN + NaN*im,0.6924738919458038,0.007707656383005571
0.325,0.39,48,4,-2.165794717175318,0.2362046073812838 + 5.372142373929021e-13im,0.9843038866995879 - 1.9017735204167522e-16im,NaN + NaN*im,0.7144266914333779,0.008821988704456602
0.325,0.5,48,4,-2.3033127425030755,0.1838735335061801 - 3.4154215254971296e-13im,0.9877437442987709 - 1.4128149024738375e-15im,NaN + NaN*im,0.8482850562170169,0.007038974659772284
0.325,0.6,48,4,-2.4561807012133703,0.1603594038930606 - 5.596619473204938e-13im,0.9895638497637953 + 3.2321276776385605e-16im,NaN + NaN*im,0.90472591056877,0.0018530122624881957
0.325,0.7,48,4,-2.6228154233445085,0.14536339215220698 - 1.399732187725131e-14im,0.9908484396511187 - 2.5917219376292694e-16im,NaN + NaN*im,0.9367626388131135,0.0013755509839747675
0.325,0.8,48,4,-2.797790690823068,0.13449268155545102 + 3.346988317085046e-14im,0.9918240978586281 + 2.7640400503296096e-16im,NaN + NaN*im,0.9582266912148332,0.00816745797572965
0.325,0.9,48,4,-2.978289132264604,0.12650306864905406 + 2.7203861000942773e-14im,0.9926068768867453 + 2.4756851241681133e-16im,NaN + NaN*im,0.9667716543957294,0.009702704101284201
0.325,1.0,48,4,-3.162551835748803,0.11944994272945858 - 2.846021171155062e-14im,0.9932525300560002 + 1.4502578181720927e-16im,NaN + NaN*im,0.9770898825231743,0.007057753225167452
0.32,0.0,16,4,-2.0590959127528645,0.9999906272810248 - 3.445318239400441e-16im,-0.7917988080106068 - 5.260950794082585e-16im,NaN + NaN*im,0.07039928613613339,0.018427262418579254
0.32,0.0,24,4,-2.058412426064809,0.6659970458851245 - 9.080510101684965e-15im,-0.9730988429218255 - 7.434786851311217e-16im,NaN + NaN*im,0.3198853201451725,0.018425456287095878
0.32,0.0,36,4,-2.058414984360103,0.6854004171648892 + 3.6741413362665187e-13im,0.9729840045104532 + 9.954969263396624e-17im,NaN + NaN*im,0.2798447691976816,0.005527760353233298
0.32,0.1,16,4,-2.061900568982972,0.3191537983991299 - 6.833452429205431e-15im,-0.9798467690852876 + 1.1937784967299182e-15im,NaN + NaN*im,0.5016867797828224,0.015089526044398805
0.32,0.1,36,4,-2.061914489038328,0.322538716961591 - 6.779143844769678e-11im,-0.979846792996778 + 3.6307452852117767e-17im,NaN + NaN*im,0.4487298836206333,0.004218789702955306
0.32,0.2,36,4,-2.077356480434359,0.3183616972488593 - 8.156235495227647e-12im,-0.9801085860441684 - 1.7110543662908414e-15im,NaN + NaN*im,0.45215728117353826,0.0010580160013038899
0.32,0.32,16,4,-2.113550628555384,0.29442567662927766 + 1.7923290960106088e-15im,0.9810569921641618 + 2.040504516990908e-15im,NaN + NaN*im,0.5919311474459616,0.013653981235203358
0.32,0.32,24,4,-2.1135462419067546,0.29424911659082964 - 2.412977343609908e-13im,0.9810551669063935 - 3.4192377343925867e-16im,NaN + NaN*im,0.5930370586638682,0.015488475887893977
0.32,0.32,36,4,-2.113547099815478,0.30071032878877235 - 9.920245266860312e-14im,0.9810552711528386 + 5.5652487663218095e-16im,NaN + NaN*im,0.5184134499992623,0.005731794450603599
0.32,0.33,36,4,-2.117827689152934,0.29799045015950093 - 4.848687551250043e-13im,-0.9812224828641843 - 3.515076699753444e-15im,NaN + NaN*im,0.5224811980116859,0.011303777372913318
0.32,0.34,36,4,-2.122416827390801,0.29478338898662004 - 4.630935010902166e-13im,-0.9814373149416915 - 6.919118511351481e-16im,NaN + NaN*im,0.5265814218015323,0.006830142956091767
0.32,0.36,48,4,-2.1368240446387814,-0.25478011296021735 + 2.2277743347465338e-14im,0.983491993547976 - 1.3119996720720042e-15im,NaN + NaN*im,0.0009709048222153417,0.014316962520190619
0.32,0.37,48,4,-2.1151316652393803,0.9786814826873411 + 2.093431956270412e-16im,0.9154545680466403 - 3.671421868723859e-16im,NaN + NaN*im,7.965495483183763e-6,0.013965234023761411
0.32,0.38,16,4,-2.153243789309798,0.2273504777518451 + 7.39303793436892e-16im,0.9847201907631637 + 5.93884607800626e-16im,NaN + NaN*im,0.7700873194075033,0.014231178290758862
0.32,0.38,24,4,-2.154274262676678,0.23756158618435944 - 7.185943161517909e-13im,0.9845319435134743 + 5.75249503660859e-16im,NaN + NaN*im,0.6950470728811885,0.005143997303757291
0.32,0.39,48,4,-2.1215394746490674,0.9763965498054406 + 4.029197777930337e-16im,0.8846813779714512 - 1.2793922887188695e-16im,NaN + NaN*im,0.2858168456280646,0.0023605031205522946
0.32,0.3,36,4,-2.1057451693259073,0.3047215042042602 - 5.145442988582855e-14im,-0.980790124655297 + 5.201793672044518e-16im,NaN + NaN*im,0.5136071507224643,0.005941754137548763
0.32,0.5,36,4,-2.301765258442463,0.17959103040032318 - 3.663384783226329e-15im,0.988212330640742 - 4.962099355922959e-17im,NaN + NaN*im,0.8515878602030006,0.005400402245200976
0.32,0.5,48,4,-2.301778360890281,0.17939450283536043 - 1.207515930832864e-13im,0.9882203682247205 - 0.0im,NaN + NaN*im,0.8521801282669627,0.0038553936168161333
0.32,0.6,48,4,-2.454761558010622,0.15694884969061548 - 4.1125088988595714e-14im,0.9899407752071335 - 8.827544288406455e-16im,NaN + NaN*im,0.9069173306571822,0.009244073470484839
0.32,0.7,48,4,-2.6214801234825345,0.1423930064704984 - 4.189849348920623e-14im,0.9911745331063042 - 2.3083871959671543e-16im,NaN + NaN*im,0.9381900411698217,0.006356416813810721
0.32,0.8,48,4,-2.7965405598735984,0.13213392318582023 + 1.3898721904344389e-14im,0.9921035537845685 - 2.9147838078995663e-17im,NaN + NaN*im,0.95685617386216,0.0051300708701441326
0.32,0.8,48,6,-2.796566807699686,0.16413584843393247 - 3.1787429903453084e-15im,0.9920204546509823 + 1.5699844749576456e-15im,NaN + NaN*im,0.8482331702897806,0.0017595000847963613
0.32,0.9,48,4,-2.9770891592603275,0.12409558924430092 + 4.394121140757976e-15im,0.9928541218792379 + 5.081561737310076e-16im,NaN + NaN*im,0.968317783870307,0.004434020380367712
0.32,0.9,48,6,-2.9770661501180085,0.13182741049628913 - 1.482837011575227e-16im,0.9928356036017563 - 4.1584410196801185e-16im,NaN + NaN*im,0.9393072844127706,0.003476921353577985
0.32,1.0,36,4,-3.1614390377220096,0.11727624087681314 - 4.185519029978831e-15im,0.9934738852110215 + 5.466786642750428e-16im,NaN + NaN*im,0.9783417902571865,0.007586308175574748
0.32,1.0,48,4,-3.16144028643225,0.11754815197027609 - 2.137405008758626e-14im,0.9934754307307128 + 4.81953527614814e-16im,NaN + NaN*im,0.9772287915838632,0.01255011474721393
0.335,0.2,16,4,-2.083572027746729,0.3459253374116704 - 1.579724304464872e-14im,0.9768721495179894 + 1.207726428817082e-15im,NaN + NaN*im,0.5045018564330805,0.01512280134071044
0.335,0.2,24,4,-2.08357469951091,0.3460526349910006 + 5.228122417434625e-13im,0.976857307129245 - 1.0008066621011402e-16im,NaN + NaN*im,0.5042595102008183,0.022388159232869444
0.33,0.0,16,4,-2.0630584095563043,0.7847471269356978 + 4.721388313342708e-16im,0.9652602979866775 - 8.189119418637797e-16im,NaN + NaN*im,0.31423186585018875,0.011150967022059918
0.33,0.0,24,4,-2.0629482219865585,-0.7926337451808584 + 8.93588234338077e-16im,0.968437702592073 + 2.6722142586799435e-15im,NaN + NaN*im,0.00020784319895538066,0.0058961630076676845
0.33,0.0,36,4,-2.063052293660085,0.7784310568375762 - 2.3758755845114145e-14im,-0.9658215173860604 - 6.358979340208567e-16im,NaN + NaN*im,0.27492421365725445,0.01407294084427833
0.33,0.1,16,4,-2.066026202001824,0.33979174970312187 - 1.482817882298815e-14im,-0.9777004386189958 - 3.3581491491785323e-16im,NaN + NaN*im,0.5017006002625164,0.023260455471570882
0.33,0.1,36,4,-2.0660356231806682,0.3433798887090128 - 2.3844369750622934e-11im,-0.9777030413059677 + 2.4320301437589096e-16im,NaN + NaN*im,0.44883269818251803,0.011975496685605578
0.33,0.1,48,4,-2.066032741127075,0.34346301081824293 - 7.635632001134264e-12im,0.9776988830457843 - 7.583157042324882e-17im,NaN + NaN*im,0.44863825857650963,0.006063218057972891
0.33,0.25,48,4,-2.0936950606786477,-0.33103678696849237 - 4.040840793493587e-13im,0.9783071732660426 - 3.3728911694399123e-16im,NaN + NaN*im,0.0007605155336914235,0.005009030769088143
0.33,0.2,36,4,-2.081447335897009,0.33526314100502363 - 3.8186898278614315e-13im,0.9780144059003791 + 1.3732801344767063e-16im,NaN + NaN*im,0.03566764741529561,0.014195618900153353
0.33,0.2,48,4,-2.081450009522014,0.33875548968889335 - 2.1332870403199213e-11im,-0.9780165965271242 + 8.073649477826432e-17im,NaN + NaN*im,0.4518540619252791,0.0039907402630976465
0.33,0.31,48,4,-2.113524746925278,0.32497478108326683 + 3.410903715681743e-11im,-0.9789440680681945 - 4.38819818988004e-16im,NaN + NaN*im,0.4660308263780024,0.006574556613162642
0.33,0.325,48,4,-2.119622173793967,0.3190567381997129 - 7.993532125501269e-13im,0.979188229864572 - 1.8142979703542296e-16im,NaN + NaN*im,0.5090195113729983,0.00445548917257455
0.33,0.32,36,4,-2.1175272028364054,0.31964611237378965 + 1.6312653629117965e-12im,0.979101496713131 - 1.3825661420461928e-16im,NaN + NaN*im,0.5174473482481999,0.0031466018232060903
0.33,0.32,48,4,-2.1175265143097337,0.3223447818437574 - 3.958135205942448e-12im,-0.9791021280462093 - 4.803672135574298e-16im,NaN + NaN*im,0.4746105765629567,0.00992301623920516
0.33,0.335,48,4,-2.1106535285250154,0.9832229255809845 - 7.75826979244315e-16im,0.8718736528295906 - 1.770022168218669e-15im,NaN + NaN*im,0.41298339159408787,0.0066382165352066565
0.33,0.33,16,4,-2.1090160266741496,0.9828812330701807 + 1.080771051516229e-15im,0.849384868283791 + 4.208954166724801e-16im,NaN + NaN*im,0.4344538691355778,0.0177394973637931
0.33,0.33,24,4,-2.1217854943125816,0.3166821414305004 + 3.5616734854927714e-13im,0.9792975834809394 - 6.38907817804766e-16im,NaN + NaN*im,0.5226411138009851,0.005422798034675683
0.33,0.33,48,4,-2.121786304709275,0.3170358062981362 - 3.3699005312419043e-13im,-0.9792887202916533 - 1.018419718033836e-15im,NaN + NaN*im,0.5189241307054533,0.006554759277404214
0.33,0.34,36,4,-2.1120503879681936,0.982613667063536 + 2.820550213230893e-15im,0.8692217595108156 + 5.083342869757164e-16im,NaN + NaN*im,0.41572756701298086,0.011462037533492194
0.33,0.34,48,4,-2.112054279159388,0.9826922353914666 + 3.9304688687139956e-16im,0.870630787738429 + 7.803262645401824e-17im,NaN + NaN*im,0.4144420847696318,0.0051357723887968795
0.33,0.36,48,4,-2.13702300788606,0.7458136914383188 - 7.311104196962357e-16im,0.9815352367642278 - 8.232594900652829e-16im,NaN + NaN*im,0.010693701199178356,0.0039885531884622984
0.33,0.37,16,4,-2.1013336199062578,0.9678304859103339 - 1.8844327546196275e-15im,0.7883669343115157 - 1.0491946807748676e-15im,NaN + NaN*im,0.6589727332501958,0.026216178867916936
0.33,0.37,24,4,-2.120755858908864,0.9789078844972431 + 2.23559959194101e-15im,0.8516296652613048 + 9.281949556733234e-16im,NaN + NaN*im,0.4384615740518533,0.01503886025420797
0.33,0.3,36,4,-2.1097510368027717,0.32399988517844514 - 6.734023159146877e-13im,0.978801656054462 - 1.5610354755341968e-16im,NaN + NaN*im,0.5130099799992875,0.01981700789759571
0.33,0.3,48,4,-2.109751870340606,0.3271855973250217 - 5.893751855898193e-12im,0.9787990142824174 - 4.39655733052164e-16im,NaN + NaN*im,0.4630445350407639,0.005521661893114473
0.33,1.0,36,4,-3.163751126852666,0.12173433190920396 - 1.5366236678535888e-14im,0.9930278830906526 + 0.0im,NaN + NaN*im,0.9759240490260231,0.0226353422590229
0.345,0.2,16,4,-2.08799282389665,0.36885457986461995 - 5.775809293625164e-15im,-0.9743341997966286 - 3.3986787300470944e-16im,NaN + NaN*im,0.5043707746061952,0.012509285506078348
0.345,0.2,24,4,-2.0879930156634137,0.368772423027484 - 6.786286945365809e-15im,0.9743399461199365 - 9.069887990634257e-16im,NaN + NaN*im,0.5042510703188728,0.011658656029000515
0.34,0.0,16,4,-2.069023339547274,0.9999994320696831 + 9.594626816120934e-16im,0.8772699146495471 - 1.540093671508532e-15im,NaN + NaN*im,0.442939686443107,0.039448613739959865
0.34,0.0,24,4,-2.0690241044685855,0.9999993976338494 + 7.364364835215149e-16im,-0.8721010498404048 - 1.3540604230783303e-16im,NaN + NaN*im,0.44539287505671143,0.013742371792172465
0.34,0.0,36,4,-2.0677763981169246,0.7175673159006678 - 1.6291680909207174e-15im,-0.9617909969110982 + 1.5563833266669203e-16im,NaN + NaN*im,0.38152719277180924,0.004745486447651623
0.34,0.1,16,4,-2.070370380556464,0.3620543849277751 + 5.49607526609453e-15im,-0.9752808097611896 - 2.0444981316101208e-16im,NaN + NaN*im,0.5018634679660571,0.039526112254082445
0.34,0.1,36,4,-2.070378072846952,0.36596818114727353 + 1.996368952956131e-11im,-0.9752832456393992 - 1.2484267513064866e-15im,NaN + NaN*im,0.4488713133285405,0.00823870512750358
0.34,0.2,36,4,-2.08575580720329,0.36096529920271603 - 1.5852899861424687e-11im,0.9756419580804074 + 3.8079210415293515e-16im,NaN + NaN*im,0.4518089818811354,0.01722450015797908
0.34,0.32,36,4,-2.12169978538949,0.34007012128689573 - 1.1080929324844177e-16im,0.9769102659097436 + 8.940574228104606e-16im,NaN + NaN*im,0.5168368992366799,0.0014325126342145222
0.34,0.33,36,4,-2.125944938407342,0.3371586469355864 - 2.937698560477702e-13im,0.9771278922649032 + 1.8552456883073912e-16im,NaN + NaN*im,0.5195645921756831,0.0076627426702691225
0.34,0.34,16,4,-2.130868340949491,0.31521985690498955 + 6.371157831057508e-16im,0.97821641914136 - 8.120476260717382e-16im,NaN + NaN*im,0.6110319940852234,0.029479984012203825
0.34,0.34,24,4,-2.1308677519404675,0.31995345842869277 - 2.774991213518001e-13im,0.9782206427586749 - 2.7797350607904495e-15im,NaN + NaN*im,0.5589001685476797,0.014038385769816218
0.34,0.34,36,4,-2.1274832815028795,0.9667507761972958 - 2.7728218901127117e-16im,-0.7910800834029977 + 6.485616491235018e-17im,NaN + NaN*im,0.3815214899524155,0.006428863867491957
0.34,0.36,16,4,-2.117617885628315,0.9868635203573205 + 2.4848171106378892e-15im,0.6521583159331682 - 2.2979908841208882e-15im,NaN + NaN*im,0.4786790346634289,0.012851506457405914
0.34,0.36,24,4,-2.1244968242861315,0.9807534919349776 - 4.1274480382192627e-16im,0.8403489442122417 + 2.8412389051711243e-16im,NaN + NaN*im,0.5139455794355172,0.02228738851957688
0.34,0.5,36,4,-2.3081144227484547,0.19715124936682502 + 1.2146676472630917e-13im,0.986243693431257 + 1.6611201797927003e-16im,NaN + NaN*im,0.8417331963290348,0.00286759824451335
0.34,1.0,36,4,-3.1661189211670893,0.1261564369042985 + 1.7541142637981546e-16im,0.992560694064133 + 9.050529753049723e-16im,NaN + NaN*im,0.9728593589811295,0.003317566066355068
0.34,1.0,48,4,-3.166094553070926,0.12924190702612767 - 1.305780921570117e-14im,0.9925512954083285 + 1.265323358688212e-15im,NaN + NaN*im,0.9591108834091217,0.0016331245887449982
0.355,0.2,16,4,-2.0926547923387178,0.3929733593680906 - 5.340080935153213e-15im,-0.971467219285319 - 9.128290323311781e-16im,NaN + NaN*im,0.5097188241703803,0.03410575361264489
0.355,0.2,24,4,-2.0926581209213446,0.3936674108220879 - 1.131595671682223e-15im,0.9714531943679533 + 3.202816951772828e-16im,NaN + NaN*im,0.5039419829908204,0.019002683640670596
0.35,0.0,16,4,-2.076238205569468,0.99999984386027 + 4.34503820654986e-16im,0.8228990969791937 + 4.37495266558626e-16im,NaN + NaN*im,0.5272058169383474,0.01801764042621224
0.35,0.0,24,4,-2.0762493210075577,0.9999997583133841 - 1.6582618758114613e-15im,-0.8227551945790454 - 2.167260825564596e-16im,NaN + NaN*im,0.5272563281492286,0.007060566966838053
0.35,0.0,36,4,-2.0762328131541685,0.9999994519557364 + 1.5455926817106708e-15im,0.830247220923979 - 2.8981575220269323e-16im,NaN + NaN*im,0.5273919001615148,0.013021958166929807
0.35,0.1,16,4,-2.0749513607500853,0.3863407267101417 - 9.903184547297936e-16im,-0.9725195113811205 - 2.765684378225767e-16im,NaN + NaN*im,0.5019971689003907,0.00972674158557246
0.35,0.25,48,4,-2.102467348024009,0.379709171308645 - 4.399713453127842e-12im,-0.9733633563063993 - 2.5552991130811552e-17im,NaN + NaN*im,0.4547236378751598,0.004687900975150164
0.35,0.31,48,4,-2.122135303199101,0.3685795692834233 + 3.71442675629575e-12im,0.9742200285916199 - 7.636955376731972e-16im,NaN + NaN*im,0.46391764009007636,0.0072390483731316025
0.35,0.325,48,4,-2.128171462154392,0.36408636470990213 - 4.3063789147052966e-13im,0.9745633827397369 + 1.2735686814449264e-16im,NaN + NaN*im,0.4686992196786796,0.008997086549199694
0.35,0.335,48,4,-2.132527444147667,0.3599573813658199 + 2.273656899890034e-14im,0.9748491324514735 - 1.0412533386376612e-15im,NaN + NaN*im,0.47902223086514106,0.002362913642539601
0.35,0.33,48,4,-2.1303136806494676,0.3609524421503216 + 1.5059884897592201e-12im,0.9746948286734181 + 9.772605406868343e-17im,NaN + NaN*im,0.4912964033692429,0.016198439206050956
0.35,0.34,48,4,-2.1337847592909913,0.9706588719734979 + 1.541638301237701e-16im,-0.750197353038002 - 1.7951218597265784e-16im,NaN + NaN*im,0.4820705637495273,0.0014120583441052665
0.35,0.34,48,6,-2.138456257532486,0.9740940760525525 + 1.1424089261388394e-15im,0.5153205544983855 - 1.3162989052381446e-15im,NaN + NaN*im,0.4437413429954605,0.0010613100462394899
0.35,0.35,16,4,-2.141247033990463,0.3196122268362968 + 1.884087403829603e-17im,0.9771089769728014 + 8.566031031832249e-16im,NaN + NaN*im,0.630211914227813,0.023926367967618815
0.35,0.35,24,4,-2.141246049270771,0.32298851027994524 + 4.4350345841500435e-14im,0.9771087227199593 + 5.534767933880107e-16im,NaN + NaN*im,0.5932447031098447,0.005751681290905625
0.35,0.35,48,4,-2.1412522719649374,0.3236948221501909 - 1.838060069353177e-11im,0.9771073655108052 - 3.0918782053279606e-16im,NaN + NaN*im,0.5828561372268414,0.0027235227452040403
0.35,0.36,48,4,-2.142884193421311,0.9633666691157878 + 1.9566065220292018e-15im,0.5234715896774406 - 7.173291190090989e-15im,NaN + NaN*im,0.4560317483751413,0.003840864151387405
0.35,0.38,48,4,-2.1385339270828587,0.9791617017275176 - 1.3093652759363222e-16im,0.8257256506900279 + 3.6956628338854994e-16im,NaN + NaN*im,0.5770145108855256,0.008392350753521887
0.35,0.39,48,4,-2.141820244281863,0.9778683562229801 - 6.92555634092723e-17im,0.8229923814121678 + 9.477582754893884e-16im,NaN + NaN*im,0.581850706655863,0.007150076599160292
0.35,0.3,48,4,-2.1189070000828134,0.9828114529700656 + 7.727527986558496e-16im,-0.7711968193744095 + 4.1306448176660793e-16im,NaN + NaN*im,0.5101676898754984,0.003779776615109949
0.35,0.5,48,4,-2.311452884357061,0.20661485741431948 - 3.1427562766157863e-13im,0.9851590956700225 + 8.171396328055735e-16im,NaN + NaN*im,0.8373827944301285,0.008199006920278046
0.35,0.6,48,4,-2.4636852128885187,0.17872204150208723 + 9.266172191127705e-14im,0.9875084593351652 + 1.2792059101147578e-16im,NaN + NaN*im,0.8919720496106247,0.009443197678984641
0.35,0.7,48,4,-2.6298375914928025,-0.1602006475095055 - 1.7697185689860207e-14im,0.9891273369506647 - 5.049175372777893e-16im,NaN + NaN*im,0.038574836739139244,0.005077672173089664
0.35,0.7,48,6,-2.629953554520517,0.18793291492298014 - 5.694805117020228e-16im,0.9889519771022692 - 2.7259174731304735e-16im,NaN + NaN*im,0.8718566314414035,0.0036601901998802593
0.35,0.8,48,4,-2.8044401577958395,0.14754584619876662 + 2.0024285151626366e-15im,0.9903411016748582 - 2.987206459283156e-16im,NaN + NaN*im,0.9502080237515593,0.0031034392914096737
0.35,0.9,48,4,-2.9845817317184413,0.13760721628376196 - 5.084642386596013e-14im,0.991295363318535 - 8.549397899730554e-17im,NaN + NaN*im,0.9672791555217263,0.007498434024444308
0.35,1.0,48,4,-3.168603122599083,0.13055189631456224 - 5.020801019509428e-15im,-0.9920742275996827 - 7.982827802935077e-17im,NaN + NaN*im,0.9701270145083977,0.0073455433837183535
0.365,0.2,24,4,-2.1060542149992005,0.9950989969253292 + 5.406680516014504e-16im,0.8015571311794379 + 3.6445074786507467e-16im,NaN + NaN*im,0.6098389257025786,0.022190588706782515
0.36,0.0,16,4,-2.0843989825769973,0.9999999296452714 + 1.4616565877903552e-15im,0.7826111625297576 - 1.2669539362622578e-15im,NaN + NaN*im,0.5843210953939292,0.035759463055695946
0.36,0.0,24,4,-2.084275327873758,0.9999998624964599 - 1.5626121672969282e-15im,0.7867845077870413 - 1.4638446671251549e-15im,NaN + NaN*im,0.5794936172308841,0.015476715649500587
0.36,0.0,36,4,-2.0843987940471873,0.999999588544845 - 6.128484330097697e-16im,0.7736651526621319 + 5.703460252149142e-16im,NaN + NaN*im,0.5841264112921117,0.012666067562867563
0.36,0.1,16,4,-2.079790021728214,0.413018789403109 + 2.6769532532275834e-15im,-0.9693348819947042 + 7.753652858807727e-16im,NaN + NaN*im,0.5022488802414652,0.02224861153505749
0.36,0.1,48,4,-0.9021527152675417,0.2863707052474116 - 0.008128174076621756im,-0.9817908430101351 - 4.909057573921576e-5im,NaN + NaN*im,0.012104275001044657,0.006851748745542264
0.36,0.25,48,4,-2.1063422688616407,0.9956795544899931 + 7.926182097248844e-17im,-0.7728209134542785 + 1.3657752908936216e-15im,NaN + NaN*im,0.6117039416982534,0.011326629160147116
0.36,0.2,48,4,-2.0950825437367344,0.41369972423994783 + 4.924606509255518e-12im,0.9698634096766852 + 1.0091594351935416e-15im,NaN + NaN*im,0.41324495062637406,0.00523091306952016
0.36,0.31,48,4,-2.1262608539602885,0.9870064976648204 + 1.9338953522527885e-15im,0.8271682141576349 - 1.3591100609998415e-15im,NaN + NaN*im,0.5993639771549051,0.006217669837889866
0.36,0.325,48,4,-2.135498902188368,0.9795341251157625 - 1.8126065293914693e-16im,0.29581911694047314 + 1.642837548493625e-15im,NaN + NaN*im,0.5598601815472389,0.007820961443852826
0.36,0.32,48,4,-2.1336800333096444,0.980626978830184 - 8.551416296417225e-16im,0.27886354378425954 - 4.1009731945218316e-14im,NaN + NaN*im,0.5620743791940395,0.0006624970492675347
0.36,0.335,48,4,-2.1371183920614127,0.3844140784150373 - 4.271787246941891e-12im,-0.9720908516388902 + 1.3456673147037931e-15im,NaN + NaN*im,0.4720159932410219,0.007086637300798456
0.36,0.33,48,4,-2.134918619758897,0.386522550059649 + 2.180825256812098e-13im,-0.9719157665993685 - 2.3564606078040165e-17im,NaN + NaN*im,0.4698656375823609,0.013199212539388072
0.36,0.34,16,4,-2.139393925936864,0.3702400168086736 + 1.9486378146393683e-15im,-0.9722937789142346 - 1.1596070613941575e-15im,NaN + NaN*im,0.594142224385295,0.00745871346087866
0.36,0.34,24,4,-2.1396233087777685,0.3660333139851844 + 1.8170748458423446e-13im,0.9731809654572858 - 1.2564869336854682e-16im,NaN + NaN*im,0.5474073543081182,0.02841077851046959
0.36,0.34,48,4,-2.1396141901339853,0.3680636154530174 + 4.140532414528273e-12im,0.9731832022279843 + 5.827352026519358e-17im,NaN + NaN*im,0.5171733065838985,0.0011008057750516661
0.36,0.35,48,4,-2.145444642281491,0.9719857505022023 - 2.9828395968903445e-16im,0.40639416490748737 - 5.4527856213905355e-14im,NaN + NaN*im,0.544487493516936,0.004843173402002951
0.36,0.36,16,4,-2.152710757549449,0.32478426593787263 + 1.9837582186739673e-16im,0.9758925486374356 - 3.232015425372648e-16im,NaN + NaN*im,0.648232516667849,0.03519322653354392
0.36,0.36,24,4,-2.1527117578787087,0.3244556709714891 + 2.612586070418726e-16im,0.9759077731985593 + 1.6100755801644735e-15im,NaN + NaN*im,0.6494461534264253,0.009701167621176022
0.36,0.36,48,4,-2.152714148060798,0.32771449879592324 - 4.009587138407033e-12im,0.9758916223414692 + 1.703602620728774e-15im,NaN + NaN*im,0.6156924928080615,0.0021462300828140935
0.36,0.37,48,4,-2.160740996927488,0.3126093054193656 - 3.3083258567051215e-13im,0.9769235730823007 + 1.0417895235835095e-15im,NaN + NaN*im,0.6473348823197723,0.010205619374627727
0.36,0.38,48,4,-2.14715469493906,0.9794777466100671 + 8.325806236610917e-16im,0.8124804412850593 - 2.007525315511137e-15im,NaN + NaN*im,0.6197049236525605,0.0034786182442744368
0.36,0.39,48,4,-2.179107143773216,0.2882220765550395 + 6.120637180755335e-14im,0.9786155294829798 + 1.2407948076302073e-15im,NaN + NaN*im,0.6950751156670423,0.006253137700604938
0.36,0.3,48,4,-2.1167604216042712,0.9827995155289071 + 1.457141547771996e-15im,-0.821598194209315 - 6.855149958393532e-16im,NaN + NaN*im,0.5953512097003391,0.004583153859454283
0.36,0.4,48,4,-2.1892635920372077,0.2783068153720776 - 4.437390635283674e-14im,0.9793298166950755 - 6.178096814586524e-17im,NaN + NaN*im,0.7138679300215568,0.010763943771263771
0.36,0.5,48,4,-2.3144655293042637,0.548651388522098 + 2.7186695299140535e-16im,0.983713365922847 + 9.984635887283179e-17im,NaN + NaN*im,0.005940153508365042,0.004367996109824624
0.36,0.6,48,4,-2.4668799562017063,0.18605672109625168 + 3.201064310630879e-14im,0.9866001294751694 - 4.798830100733837e-16im,NaN + NaN*im,0.8890349301960438,0.002646742861290245
0.36,0.7,48,4,-2.63281573922893,0.1665876363188818 + 8.96064420533909e-15im,0.9883799144037022 + 5.263964216107811e-16im,NaN + NaN*im,0.9250755027953571,0.002908376922965276
0.36,0.8,48,4,-2.807253217153611,0.15309303761209198 - 1.247170648636718e-14im,0.9897016548325595 - 2.608112202935899e-16im,NaN + NaN*im,0.9464034602295838,0.007587681234032384
0.36,0.9,48,4,-2.9871748142467767,0.1629605846790267 + 2.2156735155668417e-15im,0.9907104107092852 + 1.0922300628346374e-16im,NaN + NaN*im,0.34773150359430355,0.00237568173111042
0.36,1.0,48,4,-3.1711665870659385,0.14783821605461672 + 1.4644758234498436e-15im,0.9915347387584401 - 8.414240700441047e-16im,NaN + NaN*im,0.927100037684749,0.004885361895952928
0.375,0.2,16,4,-2.1155543976505036,0.9948004496668039 - 7.872896366194139e-16im,0.2760227865308989 - 5.711612193557311e-16im,NaN + NaN*im,0.6453662553319806,0.038646492272670835
0.375,0.2,24,4,-2.1158462062857812,0.9952278973392847 - 1.1596989160271723e-15im,0.707859095722465 - 5.6770179920647793e-14im,NaN + NaN*im,0.6459623804409281,0.010982243992913915
0.37,0.0,16,4,-2.0933644146151673,0.9999998703800601 + 9.5169790812612e-16im,-0.3268898341312802 + 6.14180675076079e-16im,NaN + NaN*im,0.6286609853422551,0.023459884373782772
0.37,0.0,24,4,-2.093376069762789,0.9999996418892348 + 8.049909494979651e-16im,0.7167676682315073 + 9.407722236615027e-16im,NaN + NaN*im,0.6280066682647927,0.0030676096308323406
0.37,0.0,36,4,-2.093348931133605,0.99999990299839 - 9.68123337946936e-16im,-0.7376725936488215 + 1.299354427674014e-15im,NaN + NaN*im,0.6289188838224042,0.008348078337505546
0.37,0.1,16,4,-2.084914795466917,0.4428112983886332 + 4.625630292916669e-15im,-0.9655874243674881 + 1.4428065138893865e-16im,NaN + NaN*im,0.502498800052953,0.007641552364546805
0.37,0.25,48,4,-2.1220208278754513,0.99208989673745 - 4.75459208707805e-16im,-0.7920826726943253 + 1.3429458224839514e-15im,NaN + NaN*im,0.6236237119429631,0.004840058631136921
0.37,0.2,48,4,-2.1062683166823306,0.9960715404142098 - 3.483463217356557e-16im,0.7961878598841736 + 1.391358776655939e-16im,NaN + NaN*im,0.6274428248660272,0.01497229835690096
0.37,0.31,48,4,-2.131709513351961,0.42053818853949493 + 6.179824085554735e-13im,0.9680522114180595 + 3.1878580776189385e-16im,NaN + NaN*im,0.46232795763386436,0.010807300455316882
0.37,0.325,48,4,-2.1376705755345937,0.41533429554358003 + 2.0664676107257642e-12im,0.9685107958649058 + 7.443594280346263e-16im,NaN + NaN*im,0.46624831811233897,0.007694656861125915
0.37,0.335,48,4,-2.14238447493471,0.984895549265148 - 1.250244866213453e-15im,0.8093178423115333 + 1.4381678818189326e-15im,NaN + NaN*im,0.6417628520283089,0.011889611491825438
0.37,0.33,16,4,-2.141061265097945,0.9850699664304369 + 6.214485012348319e-16im,0.8049247668344085 + 6.09861344212807e-16im,NaN + NaN*im,0.6434316041050145,0.017773455859053967
0.37,0.33,48,4,-2.1397814079748563,0.41304332497351565 - 1.082297743293864e-12im,0.9687187769084693 + 6.772821060654345e-17im,NaN + NaN*im,0.46817345598386007,0.0031515606287414984
0.37,0.34,48,4,-2.1438591235999196,0.9843992142834349 - 2.8714522179440634e-16im,0.8083691295174971 - 1.895472227919625e-15im,NaN + NaN*im,0.6428665962598298,0.0024280023938307188
0.37,0.35,48,4,-2.1489963667280407,0.4015111718343666 + 1.7913852843537147e-13im,0.9697134988622277 + 1.47240826310086e-16im,NaN + NaN*im,0.48098442823298915,0.0008633423499193968
0.37,0.36,48,4,-2.157876270986807,0.9666269671756204 + 4.264010516889421e-16im,-0.6688285947662839 + 5.5660662064763e-16im,NaN + NaN*im,0.5877425930708094,0.0038326219804065125
0.37,0.37,16,4,-2.1625136978250037,0.9646866729240732 + 4.570903133090855e-16im,0.48244588779040526 + 4.129383408150114e-17im,NaN + NaN*im,0.579986078668408,0.010279848021609443
0.37,0.37,24,4,-2.1651167877242234,0.33258933757937004 + 6.110735045028607e-14im,0.9745851083670666 - 5.411086360810231e-16im,NaN + NaN*im,0.6444750392305055,0.008510345979542708
0.37,0.39,48,4,-2.1832983092531633,0.3058679209891292 - 7.499771965759398e-13im,0.976582024597075 + 4.385367566200229e-16im,NaN + NaN*im,0.689449939764252,0.003072140473542555
0.37,0.3,48,4,-2.1354383642095582,0.9849751750760907 - 4.686883823207068e-16im,0.22827760596105137 + 5.431888775366186e-15im,NaN + NaN*im,0.6147358807317469,0.0001361020530745485
0.37,0.6,48,4,-2.470182885953254,0.19395914458801453 + 2.6387593547452767e-13im,0.9856519433153902 + 4.840392828708777e-16im,NaN + NaN*im,0.8838603454193357,0.0051816305808595215
0.37,0.7,48,4,-2.6358799196121554,0.17301147752467894 - 5.649525801950664e-13im,0.9875905691839175 + 4.863511827801913e-17im,NaN + NaN*im,0.9218362681406512,0.006396673202545966
0.37,0.8,48,4,-2.810144697952962,0.15811733921173823 - 4.783387456877786e-15im,0.9890247462002743 + 2.866794364812894e-16im,NaN + NaN*im,0.9481296768238694,0.005629925588941002
0.37,0.8,48,6,-2.8102638301741987,0.18803403719553324 + 1.3805946663535406e-16im,0.9888777189746795 + 1.9826348255293602e-16im,NaN + NaN*im,0.8766071967545026,0.0022651421041277333
0.37,0.9,48,4,-2.9900172104283134,0.14828084285630422 + 3.7037891007072e-15im,0.9901359000615516 + 1.2733367785529777e-16im,NaN + NaN*im,0.9565926794375217,0.006355017664848465
0.37,1.0,48,4,-3.1737905046462402,0.13930387779384087 + 2.7048473744208986e-15im,0.9910433065698723 + 1.2369798105466146e-15im,NaN + NaN*im,0.9690606525359873,0.009357351502997125
0.385,0.2,16,4,-2.108351885125625,0.4871783669184232 - 6.80969773625858e-15im,0.95932771905522 + 4.518002764374793e-16im,NaN + NaN*im,0.5048829210483865,0.01269739784256194
0.385,0.2,24,4,-2.1083597479135956,0.4924878943501985 - 4.319838954602359e-13im,0.959336353224102 + 3.1639116734814954e-16im,NaN + NaN*im,0.4518730631206884,0.014271053862958967
0.38,0.0,16,4,-2.1030371044143363,0.9999999663176184 - 1.860507113741421e-15im,0.34429082453209686 - 5.12421767877375e-17im,NaN + NaN*im,0.6631977537987066,0.03169839688469429
0.38,0.0,24,4,-2.1030702334953646,0.9999997923577081 + 1.2029291493514904e-15im,0.7183017262656127 + 3.425438578462907e-16im,NaN + NaN*im,0.662527004540782,0.004058950865741626
0.38,0.0,36,4,-2.103058613010685,0.9999999157573144 + 3.06652309134836e-17im,0.7148558018157 + 8.653474878021997e-17im,NaN + NaN*im,0.6630284316836758,0.0033474222111748338
0.38,0.1,16,4,-2.0903613927247653,0.47673378135264893 - 4.013498595667968e-15im,-0.9610725312866772 - 1.4841066133979568e-16im,NaN + NaN*im,0.502878956173041,0.012929280404762659
0.38,0.1,48,4,-2.107135225862469,0.9988769389728582 - 1.9188677761284733e-16im,-0.7009008848470014 + 1.9123412978375536e-15im,NaN + NaN*im,0.6630008498406652,0.006162151502908571
0.38,0.2,48,4,-2.1055357814610387,0.4767149035132872 - 1.0485671734470895e-10im,0.9618852887407253 + 1.983957765881918e-16im,NaN + NaN*im,0.4127607973953025,0.002151635131438445
0.38,0.31,48,4,-2.145087731889494,0.9875864655082504 + 1.5412242860271734e-16im,0.8000529713368278 + 1.0994609680971497e-16im,NaN + NaN*im,0.6681884431485174,0.005961204618807522
0.38,0.32,16,4,-2.1408015942824026,0.43277779532448124 - 3.322678454117093e-16im,0.9645173088708412 - 1.444938398120298e-15im,NaN + NaN*im,0.5884615127790895,0.02453563269055009
0.38,0.32,24,4,-2.142964646737447,0.9783763423975136 + 1.8701538372196104e-15im,0.7673977604440894 + 1.9485210337475101e-16im,NaN + NaN*im,0.664026347921061,0.017898614821948267
0.38,0.335,48,4,-2.144606620471853,0.9803553190060176 + 3.394598248740278e-16im,0.5159530597704102 - 3.748891095688989e-16im,NaN + NaN*im,0.6610649616316105,0.003308669756313555
0.38,0.34,48,4,-2.1584420415432404,0.9767173111955666 + 6.45316235393623e-16im,-0.6503946903092069 + 2.193429398980802e-16im,NaN + NaN*im,0.6425477374512625,0.006621957283324041
0.38,0.35,48,4,-2.1567122053139873,0.9836174661473647 - 2.1634014767093093e-16im,0.7942603047353421 - 5.651789361271803e-17im,NaN + NaN*im,0.674540040817223,0.003715128734517364
0.38,0.37,48,4,-0.9511548276320376,-0.9904208155879812 - 0.0033559016104478573im,-0.8292007802818305 - 0.0029931991467526727im,NaN + NaN*im,0.9727257250831038,0.0036389254530667936
0.38,0.38,16,4,-2.1662307266856753,0.9484399514593572 - 1.2457631196922693e-15im,0.8084636056420285 + 1.434380071818363e-15im,NaN + NaN*im,0.6721423772502905,0.016245404950109784
0.38,0.38,24,4,-2.166419347923445,0.979847803906446 - 1.238161767595969e-15im,0.7864046629832975 + 1.8834825335324043e-15im,NaN + NaN*im,0.6819030940899933,0.0031323727509781963
0.38,0.38,48,4,-2.1761494000512056,0.9553524828309543 - 2.532548980468474e-16im,0.6544117431983221 + 4.836686934734321e-16im,NaN + NaN*im,0.6097707240728896,0.0015557581273456357
0.38,0.39,48,4,-2.1871736250154874,0.347249278477761 + 1.2573827169733342e-15im,0.973768288735581 - 9.287619352534202e-16im,NaN + NaN*im,0.6997714752951517,0.0036238825265604937
0.38,0.3,48,4,-2.1447434828380736,0.9854190542950105 + 6.249852529711536e-16im,0.2240191324759039 - 2.1286721663079664e-15im,NaN + NaN*im,0.6511041362717819,0.0017069618541526903
0.38,0.4,48,4,-2.1976999896390628,0.3127571357458236 - 8.9119369086986e-13im,0.9752861488037062 + 2.1974103466915288e-16im,NaN + NaN*im,0.7025517130078792,0.006786924778188638
0.38,0.5,48,4,-2.3223138444393125,0.23804809291562112 - 1.125412161398162e-14im,0.9813996167914117 + 1.322809570573214e-15im,NaN + NaN*im,0.8204814819686694,0.019191205295983057
0.38,0.6,48,4,-2.4736045026529596,0.2018931904158791 + 5.687783552811389e-14im,0.9846371421557676 - 5.158910864596415e-16im,NaN + NaN*im,0.8813095247819207,0.00740950201447592
0.38,0.8,48,4,-2.813151573658305,0.1777587701556599 - 6.665487286838171e-15im,0.9882611491678133 + 1.4819724860129945e-16im,NaN + NaN*im,0.9093287528275744,0.007317587561278014
0.38,0.9,48,4,-2.9928528618030907,0.15247585270220512 + 1.8285297302923782e-14im,0.9895304051554852 - 1.8697354940737698e-16im,NaN + NaN*im,0.9593832414021324,0.0034198605894178572
0.38,1.0,48,4,-3.1764746172826377,0.14402464372426904 - 2.0760485874029852e-15im,0.990502257940472 + 0.0im,NaN + NaN*im,0.9658379442251949,0.001456594535768083
0.395,0.2,16,4,-2.1360170954110607,0.9950335358718914 + 2.416079754849311e-16im,0.2533432441234085 + 1.6663548315104376e-16im,NaN + NaN*im,0.7023138324612611,0.024919969501734487
0.395,0.2,24,4,-2.1349168676963894,0.9957911694565225 + 4.4199204965259205e-16im,-0.6577686550760836 - 1.59578404301837e-17im,NaN + NaN*im,0.7087994603752084,0.010802807966177183
0.39,0.0,16,4,-2.1134073883110354,0.9999998559652336 - 9.373968997080447e-16im,-0.6806607871771498 + 9.616260803768217e-17im,NaN + NaN*im,0.6912446343720829,0.021753801181142514
0.39,0.0,24,4,-2.113400524834223,0.9999997490396164 - 2.55152090959723e-16im,0.6879710107335482 - 3.622843740988171e-17im,NaN + NaN*im,0.6913297186692883,0.021884645147681472
0.39,0.0,36,4,-2.1134037926144633,0.9999998564140192 + 3.865098271391755e-16im,-0.6938905885933476 + 1.1513994436234238e-15im,NaN + NaN*im,0.691166445932219,0.010746030216910694
0.39,0.1,16,4,-2.096181148961184,0.5163788094285308 + 1.799334475220367e-15im,-0.9554292965920319 - 2.3058512642026173e-16im,NaN + NaN*im,0.5033988557688834,0.029053615151790294
0.39,0.25,48,4,-2.1345125357086037,-0.9927515253254146 + 6.987523682332729e-16im,0.6101246460511899 - 5.953347031462751e-16im,NaN + NaN*im,7.596535972302903e-5,0.0050872053874946345
0.39,0.2,48,4,-2.1307994976636455,0.9951788287875227 - 3.8690763415106955e-16im,0.4557645935337559 + 5.911227026370799e-16im,NaN + NaN*im,0.6916732921011404,0.0009941495592598302
0.39,0.31,16,4,-2.1474028219639707,0.9929387570808895 - 2.3962482953307605e-16im,-0.7099310182768331 - 3.463178393507385e-16im,NaN + NaN*im,0.7172312975029576,0.032669044858568405
0.39,0.31,24,4,-2.157844430272065,0.9844729995438752 + 7.95654498411342e-16im,0.22835065243682132 - 4.4122704807337996e-16im,NaN + NaN*im,0.6800126287991312,0.0051454964116869105
0.39,0.31,48,4,-2.15771874422267,0.9840064787802908 + 1.0118853769210453e-15im,-0.6435048774374202 - 1.0973757210356873e-15im,NaN + NaN*im,0.6816393441141336,0.006272162576156191
0.39,0.325,48,4,-2.148313592611507,0.479424378839261 + 3.4204882435960508e-12im,0.960100851751883 - 1.4520835696336817e-16im,NaN + NaN*im,0.4641421419299526,0.004647713070812961
0.39,0.32,48,4,-2.1497462989783265,0.9841074871417701 + 1.885256893065153e-15im,-0.3453017024834307 + 2.959038092959925e-16im,NaN + NaN*im,0.6799906606184042,0.0055762653135629035
0.39,0.33,48,4,-2.1646133569036796,0.9809958322398825 - 6.355803787236372e-16im,0.2694893330039588 - 2.3214211690593516e-15im,NaN + NaN*im,0.676309666942407,0.002609458348274659
0.39,0.35,48,4,-2.1721409653172508,0.9764829035190338 + 5.613309335270688e-10im,0.32698123066428647 + 1.7914953832464402e-7im,NaN + NaN*im,0.6707145944995937,0.002570212719691038
0.39,0.36,48,4,-2.1679489574777233,0.9667077333208443 - 1.6555358927188532e-16im,0.7516308525244476 - 7.070761549986795e-16im,NaN + NaN*im,0.6882367670669488,0.0033118080653044466
0.39,0.38,48,4,-0.5813897441719149,-0.9673647987449462 + 0.0060082087959445795im,0.6065830839412077 - 0.0004731576905572795im,NaN + NaN*im,0.7568901037758031,0.006451302529598054
0.39,0.39,16,4,-2.1815270260976765,0.9459433354063758 - 2.8191240347685986e-16im,0.7984312806398434 + 7.211728153709436e-16im,NaN + NaN*im,0.6899698013320309,0.010046070787028303
0.39,0.39,24,4,-2.1903805632839375,0.9509631644601851 - 1.5953445448441887e-15im,0.6586390860358879 - 2.2212488733780034e-16im,NaN + NaN*im,0.638578545233802,0.0324977094372592
0.39,0.3,48,4,-2.138801585665766,0.4900651179630506 + 1.0675580356851857e-13im,0.9589584207641291 - 1.583695461188558e-15im,NaN + NaN*im,0.45893986159521094,0.0016223912303020662
0.3,0.1,16,4,-2.054250314727185,0.27587526340224716 + 5.884112793383686e-16im,-0.9834848657315409 + 5.647984574363885e-16im,NaN + NaN*im,0.5788696453720075,0.015584235896824188
0.3,0.1,16,6,-2.0549865320978835,0.3752820886745524 - 6.179599350306723e-17im,-0.9814781659266222 - 6.429573240889046e-16im,NaN + NaN*im,0.61623426395525,0.006855172094563605
0.3,0.1,36,4,-2.0542609829529304,0.2820155479632223 + 2.0089941474498646e-11im,-0.98348376147159 - 2.1491578082361703e-16im,NaN + NaN*im,0.02112201543350852,0.01209399943868446
0.3,0.2,36,4,-2.0697667192567373,0.281332456783353 + 1.537368251488024e-10im,0.9836829610329081 - 3.689265547990932e-16im,NaN + NaN*im,0.4526015856126166,0.010259461503277955
0.3,0.32,36,4,-2.1061595990210518,0.2662556833318383 - 3.74774674618406e-13im,0.9843966142131818 - 5.921127110897742e-16im,NaN + NaN*im,0.5203282535954808,0.008793135137699986
0.3,0.33,36,4,-2.110472670021627,0.26384284429204935 - 2.4909750286197867e-13im,-0.9845305070259961 - 9.756402704403847e-16im,NaN + NaN*im,0.5261683152869332,0.012994619900020222
0.3,0.34,36,4,-2.115108439644575,0.26106066471100653 + 9.456533356805238e-13im,-0.9846950634535204 - 8.685319913949811e-16im,NaN + NaN*im,0.5297819918839562,0.02136075400062645
0.3,0.5,36,4,-2.2959219362253136,0.16326598897161998 + 2.631933107815141e-13im,0.9899454944448253 + 4.3200249212166375e-16im,NaN + NaN*im,0.8605158405539463,0.006600608764120571
0.41,0.0,16,4,-2.1357265497691102,0.9999999285290391 - 1.6423716914394128e-16im,-0.36925461246557933 - 3.244855211510367e-16im,NaN + NaN*im,0.7367161399529251,0.02488993731338061
0.41,0.0,24,4,-2.135730294618666,0.9999999850530811 + 2.820685804121864e-16im,-0.5299743680194644 + 2.2195392416177235e-16im,NaN + NaN*im,0.7367897697605889,0.02104439384782426
0.41,0.0,36,4,-2.1357274088160034,0.9999997467017706 - 9.150347083313209e-17im,-0.6421144086191374 - 3.528044635741728e-16im,NaN + NaN*im,0.7365990160832931,0.0038744251442534615
0.41,0.1,16,4,-2.1093234436267507,0.6398150655498048 - 3.750495719193652e-15im,-0.9363136928856064 + 8.786298765362753e-16im,NaN + NaN*im,0.4513803222018959,0.041110699505724484
0.41,0.29,16,4,-2.167146969273494,0.9925500777732952 - 4.6977924605730825e-17im,0.7091485485904871 + 3.99039006647758e-16im,NaN + NaN*im,0.74539541541863,0.015336925151078986
0.41,0.29,24,4,-2.173444609631822,0.9880447056869174 - 6.302074694818846e-16im,0.25774019295420353 + 1.862429101420355e-16im,NaN + NaN*im,0.7309764749439239,0.027821788949702973
0.41,0.41,16,4,-2.1951214146370135,0.9805074463428671 + 1.1671611075866448e-17im,-0.7158248065612349 + 4.664204384869932e-16im,NaN + NaN*im,0.7973413975247748,0.009813747795103028
0.42,0.0,16,4,-2.147617040310883,0.9999998793845608 - 1.1061850290199441e-15im,0.6088990232868922 + 5.24874851098189e-16im,NaN + NaN*im,0.7548869865847989,0.01857150133639982
0.42,0.0,24,4,-2.147623299822932,0.9999999124375528 + 1.605882230727832e-16im,0.6231878007570216 - 9.963658561552068e-17im,NaN + NaN*im,0.7547445772300901,0.007557124658057325
0.42,0.0,36,4,-2.1476210258671236,0.9999997918155578 + 4.198515454930126e-16im,-0.6204574273951391 + 2.9382247841916545e-16im,NaN + NaN*im,0.7549603247399544,0.006653417930459318
0.42,0.28,16,4,-2.182234060109687,0.9891674881188528 + 4.69173695925705e-16im,-0.588278727209096 + 1.5348740828683344e-16im,NaN + NaN*im,0.752234344888258,0.019080973308381717
0.42,0.28,24,4,-2.182323850887493,0.9893559947729215 + 1.801997795238256e-16im,0.24917456406650207 + 2.662809341973597e-16im,NaN + NaN*im,0.7504980412960279,0.0051688254716749866
0.42,0.42,16,4,-2.2380166101943835,0.37024099462592336 + 4.2055705641524404e-16im,0.966836498992254 - 5.762834120250422e-16im,NaN + NaN*im,0.7144275281743931,0.01580186534336444
0.42,0.42,24,4,-2.225876845998087,0.9750652538708953 - 1.658217224951252e-15im,0.7377830854051253 - 7.838978243895976e-16im,NaN + NaN*im,0.7650965960583236,0.017391249269835127
0.43,0.0,16,4,-2.1599445094341547,0.9999998865489813 - 1.133989656990746e-16im,-0.30998592681152043 + 1.846841931746388e-16im,NaN + NaN*im,0.7709092831245149,0.018434344568962372
0.43,0.0,24,4,-2.159937418351955,0.9999997614812836 - 7.961122886299488e-16im,-0.60300040686944 + 2.144136324851742e-17im,NaN + NaN*im,0.770938352577274,0.011214484018824774
0.43,0.0,36,4,-2.1599430388899212,0.9999998984517385 + 2.4403880014368515e-15im,-0.5824018295729194 - 1.4667503499361982e-12im,NaN + NaN*im,0.7708887288404516,0.009171979224413119
0.43,0.27,16,4,-2.191753888523087,0.9904382908894984 - 1.951834468997167e-16im,-0.570953662742637 + 9.570330789918696e-16im,NaN + NaN*im,0.7696289661442767,0.004430194844666858
0.43,0.27,24,4,-2.1918411374754547,0.9906259424014071 - 4.765397625661973e-16im,0.2758751064186379 - 1.6142257577036017e-16im,NaN + NaN*im,0.7680042720976955,0.009942491393251032
0.43,0.43,16,4,-2.253891160778601,-0.36759375032589087 + 5.762190666827335e-16im,0.9654431604023823 + 5.401431852671446e-16im,NaN + NaN*im,9.20134871781918e-5,0.01587646547511817
0.43,0.43,24,4,-2.2480147669081,0.9191295682918433 - 1.2505100393381448e-15im,0.781422810691188 - 2.9493517423396366e-15im,NaN + NaN*im,0.7310700861921049,0.014243322127799052
0.44,0.0,24,4,-2.1726561585830697,0.9999999631390263 + 1.0360320979366182e-15im,-0.562234891001062 - 9.57400344702797e-16im,NaN + NaN*im,0.7853308244397931,0.006649980955817277
0.44,0.0,36,4,-2.1726495574757125,0.9999998296676105 + 4.255406784727094e-16im,-0.5981174110759968 - 3.30398994087975e-17im,NaN + NaN*im,0.7852852031652179,0.0100216089578644
0.44,0.26,16,4,-2.201856430303319,0.9915289266684789 - 2.0842670107696833e-15im,-0.5687395709336501 - 4.187869263043899e-16im,NaN + NaN*im,0.7843775014453946,0.01887718521217921
0.44,0.26,24,4,-2.2018556969658047,0.9915249643993749 - 1.7310075035593899e-15im,-0.569970616208751 - 8.129538725670767e-17im,NaN + NaN*im,0.7843716003528709,0.006790266872867533
0.44,0.44,16,4,-2.270907252696171,0.40362419969620594 - 1.7691289726014684e-16im,0.9629749144892171 - 3.087752319348198e-16im,NaN + NaN*im,0.7044131580577266,0.02493869820746782
0.44,0.44,24,4,-2.2704484018533693,0.5483636345827481 - 2.799968646930018e-16im,0.9543190441097369 - 2.347259210455515e-17im,NaN + NaN*im,0.6351472478877916,0.011668225163183601
0.45,0.0,16,4,-2.1857217332718233,0.9999999201218013 - 1.0835458206682312e-15im,0.5544889270082058 - 1.4522992219998414e-15im,NaN + NaN*im,0.7979730438402222,0.03354876619839868
0.45,0.0,24,4,-2.1857296695408226,0.9999999286808103 + 9.373058424672798e-16im,0.5210015412621088 - 1.1418538704976455e-16im,NaN + NaN*im,0.7980984862375531,0.023729208962704782
0.45,0.0,36,4,-2.1857292591972675,0.9999999857613379 - 7.899682159591258e-17im,0.5154818080532731 - 1.1756387246260908e-16im,NaN + NaN*im,0.7981493546350884,0.010782873466453674
0.45,0.45,16,4,-2.29022798160289,0.6868668257932887 - 1.1908210744429438e-16im,0.9343142559063121 - 4.504028827807653e-16im,NaN + NaN*im,0.6023701236652297,0.024737768059730807
0.45,0.45,24,4,-2.2882787972386844,0.4963179665675687 - 2.4898853968055753e-16im,0.9564572309435674 + 2.104225926612494e-17im,NaN + NaN*im,0.6264075229910725,0.006622300554392
0.4,0.1,16,4,-2.1024529370675644,0.5652538230957239 - 3.4491664844468518e-15im,-0.94790160192279 + 1.6106480559307213e-16im,NaN + NaN*im,0.5041283525507743,0.010902455872933517
0.51,0.59,16,4,-2.515439228949538,0.43386218933596415 - 5.1979155695452693e-17im,0.9582173290469607 + 7.40024573391127e-17im,NaN + NaN*im,0.7535343986554661,0.010463895980653877
0.51,0.59,24,4,-2.515295682895477,0.42201966250621914 - 7.855841445002778e-16im,0.958980510980273 - 0.0im,NaN + NaN*im,0.7557263735313346,0.009373448925356735
0.52,0.58,16,4,-2.506210602862203,0.467959844961353 + 1.9650381896463445e-16im,0.9525099964918271 + 4.0326672843217326e-16im,NaN + NaN*im,0.7476828846570502,0.016131925230590118
0.52,0.58,24,4,-2.5065433704657636,0.505580800531262 + 1.4873266662381236e-16im,0.9509747734479946 - 1.9629089958475877e-16im,NaN + NaN*im,0.7041670277972059,0.0034699001317081914
0.53,0.57,16,4,-2.498417804754046,0.5497309140771822 - 4.724156915036264e-16im,0.9409301422707889 - 4.274581386752043e-16im,NaN + NaN*im,0.7160543927165646,0.03781378481531255
0.53,0.57,24,4,-2.497987936862901,0.5294377061439209 - 5.738258446612548e-16im,0.9433531762282311 + 2.7432792200450694e-16im,NaN + NaN*im,0.7256439079253765,0.014648641601922727
0.54,0.56,16,4,-2.491506483937273,0.6253203748858875 - 1.2620936818336035e-15im,0.9225085806582446 + 1.8483921432303172e-15im,NaN + NaN*im,0.7125761385772678,0.027274787538186084
0.54,0.56,24,4,-2.4908639441688787,0.633303204987915 + 7.781810241459225e-16im,0.9245544544251122 - 1.8043444773434462e-15im,NaN + NaN*im,0.6916966297342557,0.018039045134102635
0.55,0.55,16,4,-2.4869993886741977,0.7646073286633229 + 0.0im,0.8690753127906592 + 2.898306227580865e-16im,NaN + NaN*im,0.7434768491920982,0.003224939882605859
0.55,0.55,24,4,-2.4878472355679757,0.7714954386498825 + 3.054793876845762e-17im,0.8623753776244337 + 5.897149731511341e-16im,NaN + NaN*im,0.7465948784573858,0.027096469060106366
0.56,0.54,16,4,-2.490545465340755,0.9116726859648729 - 7.281144123551134e-16im,0.6415995197612296 + 1.5511119350143006e-15im,NaN + NaN*im,0.8440203694055561,0.012126115442579176
0.56,0.54,24,4,-2.4905542592221286,0.9108970400975346 + 8.736356929266118e-16im,0.6451983478927168 + 2.2816264408866623e-16im,NaN + NaN*im,0.8437235257974458,0.025753229937174597
0.57,0.53,16,4,-2.4971837354125137,0.9353798981406252 - 6.059885366073793e-17im,0.5461422022599118 - 1.6942384114480415e-15im,NaN + NaN*im,0.8645253016869116,0.031717330224815155
0.57,0.53,24,4,-2.4971858792322386,0.9352884095963367 - 3.7985382672678975e-16im,0.5472662033792369 + 3.88236317928953e-16im,NaN + NaN*im,0.8644660307495995,0.013561231781566698
0.58,0.52,16,4,-2.505264096295111,0.9470208066097563 - 2.837620698619339e-16im,0.48458796160764517 + 1.58382305184123e-16im,NaN + NaN*im,0.8759002960564451,0.01717301285140013
0.58,0.52,24,4,-2.5052707930405282,0.9470865940762744 + 3.217681683170769e-16im,0.48740772408455274 - 7.150830835130754e-16im,NaN + NaN*im,0.8758726309542251,0.012848490131528665
0.5,0.2,36,4,-2.2717480259334555,0.9964522989852045 + 2.329383530100826e-16im,0.5796765167612241 + 4.3895345831916286e-16im,NaN + NaN*im,0.8466377996185627,0.015435749035987928
0.5,0.32,36,4,-2.2955991428049867,0.9865086875169524 + 5.306268888897049e-16im,-0.6241482356071462 - 6.633578901581642e-17im,NaN + NaN*im,0.8535082388097492,0.014219526765847132
0.5,0.34,36,4,-2.301761539568662,0.984053237865447 - 3.728428279117528e-16im,-0.6256490461788875 + 1.1328621773013676e-16im,NaN + NaN*im,0.8533542489428658,0.007935914403229244
0.5,0.3,36,4,-2.2920722680085404,0.9910057009073117 + 1.588543421226733e-15im,0.628165030097133 + 5.405631447581779e-16im,NaN + NaN*im,0.851335983582785,0.005077879820223639
0.5,0.5,36,4,-2.384945376543682,0.7480670669796009 + 1.847629979816401e-15im,0.8964479659813966 - 1.8117507361607914e-16im,NaN + NaN*im,0.6811685543017477,0.010107032181834766
0.5,1.0,36,4,-3.215449481917501,0.2079933334780702 + 1.2321858925461421e-14im,0.9820420219413821 - 5.462450362704348e-16im,NaN + NaN*im,0.9357896251867505,0.0024786224053032877
1.0,0.1,36,4,-3.129043260130267,0.9994066596118713 + 0.0im,-0.3608440535481442 + 2.2102494955610135e-16im,NaN + NaN*im,0.9673174087307054,0.008527340841867188
1.0,0.2,36,4,-3.1393519887673156,0.9975762507006719 - 4.308822666621251e-16im,0.33312200705191614 - 6.711676995538934e-16im,NaN + NaN*im,0.9672775587912297,0.008126456082366817
1.0,0.32,36,4,-3.1612679073365535,0.9934612191641274 + 0.0im,0.35155698932168855 + 8.345415599997417e-17im,NaN + NaN*im,0.9670182032406199,0.005920258547976169
1.0,0.33,36,4,-3.1635903188818126,0.9929888378527227 + 1.6159486105347632e-16im,0.3558121212822913 + 2.199859175431616e-17im,NaN + NaN*im,0.9669687138790314,0.009647021601236143
1.0,0.34,36,4,-3.1659751395395794,0.9925381745673825 - 3.2202037069069006e-16im,0.36328261763389424 + 1.0569024731870369e-16im,NaN + NaN*im,0.9669351252594925,0.004460070925479832
1.0,0.3,36,4,-3.1568635027077043,0.994313391544559 + 9.211425442397035e-16im,0.3517517777520034 - 7.093332827655563e-16im,NaN + NaN*im,0.9670900834277474,0.006272379413492441
1.0,0.5,36,4,-3.2154090325240823,0.9817458710094354 + 7.402056657075607e-16im,0.3785008597578498 - 3.2087328079168037e-16im,NaN + NaN*im,0.965820129134243,0.004477498246670717
1.0,1.0,36,4,-3.5818592431598133,0.763451027688778 - 1.1637830441865597e-16im,0.7660192194945847 + 1.3237701375575182e-16im,NaN + NaN*im,0.9153540410577932,0.020843303789429658
