hx,hz,chi,D,ξv,ξh,ξ_vumps
0.0,0.25,16,4,0.8441055752941707,0.8441055752941434,0.844105575500713
0.0,0.25,24,4,0.8520192029541948,0.8520192029177609,0.8520187476354741
0.0,0.25,36,4,0.8467868797793182,0.846786879782572,0.8467868858221639
0.0,0.26,16,4,0.8880605285217115,0.8880605285216863,0.8880605301726544
0.0,0.26,24,4,0.8962816470585067,0.8962816472136309,0.896281716128317
0.0,0.26,36,4,2.7294543196184772e14,2.309538270446403e14,0.9153645289185206
0.0,0.27,16,4,0.9563236190774888,0.9563236190774456,0.9563236188261292
0.0,0.27,24,4,0.9568081685362472,0.9568081684411912,0.9568081635897225
0.0,0.27,36,4,0.9591731253941608,0.959173125503992,0.9591773220341148
0.0,0.28,16,4,4.13916413539132,4.139164139204716,4.0543085384748485
0.0,0.28,24,4,0.8381465247214328,0.8379137706852469,0.8381465247245615
0.0,0.28,36,4,1.0417690724564972,1.041769073393396,1.0417236715284268
0.0,0.29,16,4,1.1059332681760574,1.1059332681763308,1.1059332681064293
0.0,0.29,24,4,1.1194445518308458,1.1194445518339653,1.1194445519255372
0.0,0.31,16,4,6.004799503160656e14,6.92861481133922e14,1.286742750677284e15
0.0,0.31,24,4,1.3576382713973223,1.35763827136233,1.3576382724544371
0.0,0.31,36,4,9.582126866745686e13,2.047090739713857e14,1.367000745164959
0.0,0.32,16,4,3.976874416040292,3.9768744149136173,3.8945796622644386
0.0,0.32,24,4,1.5309010860020493,1.5309010860100682,1.5309010860370873
0.0,0.32,36,4,7.078046843815375,7.078046847685281,7.083593387254062
0.0,0.33,16,4,1.793130466364233,1.7931304663649321,1.7931304663391252
0.0,0.33,24,4,0.6476854051014529,0.6476854051011505,0.6476854048629876
0.0,0.33,36,4,0.9265998214015307,0.9265998213969071,0.9265998213234059
0.0,0.34,16,4,2.2481631997605054,2.2481631997612057,2.248163190697424
0.0,0.34,24,4,2.2672105840896872,2.2672105840663526,2.2672105809760468
0.0,0.34,36,4,3.602879701896392e14,2.4343781769570197e14,0.8917766917352592
0.0,0.35,16,4,3.6777514164510854,3.677751416406717,3.6777514169662893
0.0,0.35,24,4,3.8106442203706474,3.8106442203417905,3.8106442208103517
0.0,0.35,36,4,3.260860669840881,3.260860669799674,3.260860670140695
0.0,0.36,16,4,4.094181479427718e14,8.188362958855442e14,4.0572969615949914e13
0.0,0.36,24,4,0.8220654889076784,0.8220654891251971,0.8220694302695821
0.0,0.37,16,4,0.758523062816367,0.7585230628163306,0.7585230628557436
0.0,0.37,24,4,1.2009599006321272e14,1.9580867945089062e14,1.3647271598092362e14
0.0,0.37,36,4,4.74063118670578e14,4.74063118670578e14,0.7659974169221637
0.0,0.38,16,4,0.694770157617657,0.6947701576175916,0.6947701576108848
0.0,0.38,24,4,9.007199254740992e15,1.6994715574982953e14,4.503599627370491e14
0.0,0.38,36,4,1.000799917193443e15,3.216856876693206e14,0.6999638011255724
0.0,0.39,16,4,0.6484034861789644,0.648403486180585,0.6484034960708769
0.0,0.39,24,4,2.2517998136852475e15,1.286742750677284e15,1.0015890143836896
0.0,0.39,36,4,7.505999378950821e14,7.764826943742184e13,0.6447684168670147
0.0,0.41,16,4,0.582760409114076,0.5827604091138695,0.5827604084833207
0.0,0.41,24,4,1.286742750677284e15,1.6679998619890675e14,6.433713753386418e14
0.0,0.42,16,4,263.5585123867824,7321.24245747248,1.2431728926795629
0.0,0.42,24,4,3.9161735890178175e14,1.5011998757901603e14,5.629499534213115e14
0.0,0.42,36,4,7.505999378950821e14,3.464307405669607e14,0.5533503080700337
0.0,0.43,16,4,0.9016614598947333,0.9017539454592796,0.9017539454587861
0.0,0.43,24,4,0.5482812443693772,0.5482812444464233,0.5482810483449486
0.0,0.43,36,4,-Inf,4.094181479427718e14,0.552819376432125
0.0,0.44,16,4,4.28914250225761e14,6.004799503160656e14,1.3647271598092362e14
0.0,0.44,24,4,0.5047071275594125,0.5047071269873035,0.5047077019869173
0.0,0.44,36,4,2.814749767106555e14,4.74063118670578e14,2.2517998136852475e15
0.0,0.45,16,4,0.475543865446444,0.4755438654451516,0.4755438528348073
0.0,0.45,36,4,4.503599627370491e14,4.503599627370496e15,0.4841657549352022
0.1,0.1,36,4,0.3792487990777655,0.3792487997453383,0.37924894052077346
0.1,0.25,16,4,0.8430875091214802,0.843087509121433,0.843087509150733
0.1,0.26,16,4,0.8877112215689485,0.8877112215688835,0.887711221605559
0.1,0.27,16,4,0.9449922850268926,0.9449922850269921,0.9449922846491453
0.1,0.28,16,4,1.012864053238555,1.0128640532385438,1.0128640530449982
0.1,0.29,16,4,1.1101182717434304,1.1101182717434144,1.1101182718156133
0.1,0.2,36,4,2.9055481466906375e14,2.196877867009993e14,0.6563730459381187
0.1,0.2,48,4,7.1114145765472125,7.111414580082695,7.111414375089591
0.1,0.31,16,4,1.3228172469113906,1.3228172469113026,1.3228172468540143
0.1,0.32,16,4,1.501634188762584,1.501634188762402,1.5016341887615958
0.1,0.32,36,4,1.5386375902440377,1.5386375902790461,1.538637595438356
0.1,0.33,16,4,1.341409734701392,1.3414097347027842,1.3414110108317
0.1,0.33,36,4,1.8067633866586252,1.8067633867948083,1.8067631890900222
0.1,0.34,16,4,1.0896174556572844,1.089617455656856,1.0896174556518012
0.1,0.34,36,4,1.1003677163408725,1.1003677162187218,1.1003676981179167
0.1,0.35,16,4,0.9522409737528581,0.9522409737526497,0.9522409738113347
0.1,0.36,16,4,0.8493900555898186,0.8493900555898953,0.8493900557778455
0.1,0.37,16,4,0.7742221960037732,0.7742221960035353,0.7742221989987611
0.1,0.38,16,4,0.7333699189296554,0.7333699189296463,0.7333699164959055
0.1,0.39,16,4,0.676783253075577,0.6767832530756464,0.6767831935142345
0.1,0.3,16,4,1.2116176061560342,1.211617606156618,1.2116175960247773
0.1,0.3,36,4,0.5683420103497719,0.5654625803113223,0.5654625801772205
0.1,0.41,16,4,0.5998484650834375,0.5998484650834857,0.5998484541770186
0.1,0.42,16,4,0.5811199900338457,0.5811199900336804,0.5811199833154245
0.1,0.43,16,4,0.5642082798992615,0.564208279899325,0.5642082925364692
0.1,0.44,16,4,0.5488472798043932,0.5488472798047077,0.548847264006639
0.1,0.45,16,4,0.516218528717497,0.5162185287170984,0.5162185286028566
0.1,0.4,16,4,0.6475805514384629,0.6475805514142456,0.6475779204207236
0.1,1.0,36,4,2.2517998136852475e15,6.433713753386418e14,0.2670328300971656
0.255,0.2,16,4,0.6297979164995097,0.6297979164995038,0.6297979165096504
0.255,0.2,24,4,0.6431625906440198,0.6431625906350662,0.6431625908104097
0.25,0.0,16,4,0.4817071561512048,0.4817071561512327,0.4816289081993954
0.25,0.0,24,4,0.4622634400347968,0.4622634400343655,0.46226344030493277
0.25,0.0,36,4,0.4784693587808166,0.47846935878087243,0.47846935821533454
0.25,0.1,16,4,0.4148524925228764,0.4148524925228657,0.4148524924047865
0.25,0.1,16,6,0.6453169819906674,0.6453169819906835,0.6453169819580052
0.25,0.1,48,4,4.503599627370496e15,9.007199254740992e15,0.39730657192567653
0.25,0.25,16,4,4.045782392452857,4.045782387210989,3.9702121644686406
0.25,0.25,24,4,0.826384741968934,0.8263847419621141,0.8263847419774255
0.25,0.2,48,4,1.098438933504994e14,9.007199254740988e14,0.6393185026363778
0.25,0.31,48,4,1.323087211412894,1.3230872111091005,1.3230872049061282
0.25,0.325,48,4,1.5829591146283852,1.5829591144582513,1.5829591133395142
0.25,0.32,48,4,1.480081591766205,1.4800815917437542,1.4800816016338907
0.25,0.335,48,4,19135.707415481105,18178.056922757343,1.8705171962526859
0.25,0.33,48,4,1.4765313435682301,1.4765313436007124,1.4765313451232527
0.25,0.34,48,4,1.1718575239904248,1.1718575222165875,1.1718574705420475
0.25,0.35,48,4,0.980175949417466,0.980175949370639,0.9801758535070927
0.25,0.37,48,4,1.5802103955685903e14,2.573485501354564e14,2.1243394468728254e13
0.25,0.39,48,4,4.503599627370496e15,3.752999689475408e14,0.6820480009910745
0.25,0.3,48,4,1.194960456320181,1.1949604557493136,1.1949600882905853
0.25,0.45,16,4,0.48965595275571994,0.4896559527557486,0.4896559477915537
0.25,0.45,24,4,0.5149369693483222,0.5149369693862808,0.5149369698805224
0.265,0.2,16,4,0.6264037707598706,0.6264037707598697,0.6264037707806797
0.265,0.2,24,4,0.6368232932970201,0.636823293279485,0.6368232932988358
0.265,0.2,36,4,0.6380152112919326,0.6380152111519387,0.6380152597879707
0.26,0.0,16,4,1185.7853923181967,2.7020085193207495e7,0.40026498552163464
0.26,0.0,24,4,0.4228571348459508,0.422857134845089,0.42285920062815885
0.26,0.0,36,4,1949.150732285565,1.7133725042302383e12,0.44811077302540714
0.26,0.1,16,4,0.41464768867788143,0.41464768867782037,0.4146476891365921
0.26,0.1,16,6,0.652754275444213,0.6527542754442084,0.6527542754260537
0.26,0.26,16,4,0.877229015570273,0.8772290155702733,0.8772290155125243
0.26,0.26,24,4,0.8761132316220034,0.8761132316217929,0.8761132316259204
0.26,0.44,16,4,0.5096415057262249,0.5096415057262227,0.5096415064181006
0.26,0.44,24,4,0.5248279821541099,0.5246293785152419,0.5248208365846477
0.275,0.2,16,4,0.4140843986839493,0.40921848348718765,0.4092184835654314
0.275,0.2,24,4,0.6436300909905681,0.6436300910071445,0.6436300968203413
0.275,0.2,36,4,0.6366339292651356,0.636633929284974,0.6366339315837575
0.27,0.0,16,4,0.42303584504671915,0.4230358450467356,0.42303584492864577
0.27,0.1,16,4,0.40624126106229197,0.4062412610624341,0.40624126102967995
0.27,0.1,16,6,0.6537829667755748,0.6537829667755589,0.6537829667870425
0.27,0.27,24,4,0.9353738775735247,0.9353738775736791,0.9353738764862597
0.27,0.43,16,4,6.433713753386418e14,2.2517998136852475e15,2.3703155933528878e14
0.27,0.43,24,4,2.26983948040162,2.2698394802210786,2.269839482033057
0.285,0.2,16,4,0.6259641907645422,0.625964190764542,0.6259641907615093
0.285,0.2,24,4,0.6386131539908646,0.6386131540075047,0.6386131466878038
0.28,0.0,16,4,0.5203579919837701,0.5203579919838288,0.5203579919653224
0.28,0.0,24,4,0.6405891403242518,0.6405891403250403,0.6405403900571269
0.28,0.0,36,4,0.5132232784508098,0.5132232784837492,0.5132232505719391
0.28,0.1,16,4,0.4059996015282602,0.40599960152816816,0.4058204608380913
0.28,0.1,16,6,0.6863533908660152,0.6863533908660132,0.6863533908657354
0.28,0.28,16,4,0.9940424561440356,0.9940424561440107,0.9940424561422179
0.28,0.28,24,4,1.286742750677284e15,2.2517998136852475e15,0.8198553021860114
0.28,0.42,16,4,1844.060764809969,1461.1190357068242,1.316167064834688
0.28,0.42,24,4,1344.4556524485681,57073.60502376397,1.3413123294835085
0.295,0.2,16,4,0.6297264321599285,0.6297264321599215,0.6297264321420639
0.295,0.2,24,4,1.7321537028348012e14,-Inf,1.9444776900005174
0.29,0.0,16,4,0.5739931946206315,0.5739931946207119,0.5739931946095156
0.29,0.0,24,4,0.5873430717793712,0.5873430717765876,0.5873412325251337
0.29,0.0,36,4,0.5960709193714517,0.5960709193764988,0.5960709193741315
0.29,0.1,16,4,0.40549761716588295,0.40549761716590516,0.40549761698590825
0.29,0.1,16,6,0.695941313346426,0.695941313346428,0.6959413133463601
0.29,0.29,16,4,1.0688338233546615,1.0688338233546668,1.0688338233538104
0.29,0.29,24,4,1.0693661794496176,1.0693661794498586,1.0693661795185572
0.29,0.41,16,4,4.28914250225761e14,7.505999378950821e14,3.359995222870823
0.29,0.41,24,4,4.714371541256374,4.714371539933674,4.714371563772324
0.2,0.1,36,4,1.1258999068426235e15,3.752999689475408e14,0.38118462119194874
0.2,0.255,16,4,0.8561366615643947,0.8561366615644297,0.8561366616212113
0.2,0.255,24,4,0.8555295465122503,0.8555295465201715,0.8555295363528604
0.2,0.265,16,4,0.9157766543022967,0.9157766543023133,0.9157766543602202
0.2,0.265,24,4,0.5051214778158915,0.49974124211242105,0.505121478790326
0.2,0.275,16,4,4.107201262219653,4.107201231695564,4.027258919990897
0.2,0.275,24,4,4.28914250225761e14,1.6994715574982953e14,0.977365330052549
0.2,0.285,16,4,1.0534045122858842,1.0534045122859081,1.0534045122408797
0.2,0.285,24,4,1.0526544845504742,1.0526544845510752,1.0526544796046782
0.2,0.295,16,4,1.1388317132915673,1.138831713291556,1.1388317130965915
0.2,0.295,24,4,0.5020122393314119,0.5020122393313124,0.5020122136170206
0.2,0.2,36,4,0.6511494652354749,0.6511494620954603,0.6511490744221969
0.2,0.305,16,4,1.249216523240539,1.249216523240466,1.249216413442596
0.2,0.305,24,4,1.2671683734991412,1.2671683735058223,1.2671683567711294
0.2,0.315,16,4,1.3831806025221107,1.3831806025220337,1.383180602525269
0.2,0.315,24,4,1.3999028559033675,1.3999028559070528,1.3999028560816436
0.2,0.325,16,4,1.5817484837059297,1.581748483705617,1.5817484837079019
0.2,0.325,24,4,1.597842933969851,1.5978429339685265,1.5978429340753642
0.2,0.32,36,4,1.4954869361374428,1.4954869361620577,1.4954740811117484
0.2,0.335,16,4,1.229189472934745,1.2291894729341346,1.229189472913984
0.2,0.335,48,4,1.2492017711842391,1.2492017712916939,1.2492017470132493
0.2,0.33,36,4,1.750972447831672,1.7509724477845312,1.7509720934170385
0.2,0.345,16,4,2.443868208083338,2.443868208096932,2.40749285339252
0.2,0.345,24,4,1.0278015303140138,1.0278015303166692,1.0278015303287802
0.2,0.34,36,4,2.160735138645797,2.1607351386318543,2.160735145645443
0.2,0.355,16,4,0.908667258357304,0.9086672583574037,0.9086672583513622
0.2,0.355,24,4,0.8927743972604941,0.8927743972611745,0.8927743965188584
0.2,0.35,48,4,0.9633621473234734,0.9633621472740586,0.9633637658496697
0.2,0.365,16,4,2.1345356510370146e7,2365.542461241389,3.780754290894975
0.2,0.365,24,4,0.7943400912071992,0.7943400912071221,0.7943400910767718
0.2,0.375,16,4,7.828943289643842e11,9.007199254740992e15,7.764826943742184e13
0.2,0.375,24,4,1586.5450693654084,3025.9984897379863,2.8452432903867826
0.2,0.37,48,4,0.7875519025746394,0.7875519031879438,0.7875534840909959
0.2,0.385,16,4,2.814749767106555e14,1.501199875790165e15,2.0685548161936262e9
0.2,0.38,48,4,4.094181479427718e14,-Inf,0.7223540802630645
0.2,0.395,16,4,2083.0226996657557,230375.60454611148,1.7608348857132277
0.2,0.395,24,4,690.1837488903442,1382.9171972847244,1.882197460716508
0.2,0.39,48,4,4.74063118670578e14,1.098438933504994e14,7.970972791806138e13
0.2,0.3,36,4,1.206892207045101,1.2068922070430015,1.2068922070881232
0.2,0.3,48,4,1.2136143478592964,1.2136143490809392,1.213614370899473
0.2,0.5,36,4,1.140151804397589e14,2.2517998136852475e15,9.48126237341152e13
0.2,0.5,48,4,3.216856876693206e14,6.433713753386418e14,0.4186745776065488
0.2,0.6,48,4,157.18998533186792,137.70525057706638,0.5040308475555281
0.2,0.7,48,4,392.083020242805,9714.901539878818,0.3703218162499436
0.2,0.8,48,4,4.503599627370496e15,4.503599627370496e15,0.4637594597399151
0.2,0.9,48,4,5.003999585967213e14,4.094181479427718e14,0.27436267802167846
0.2,1.0,36,4,0.2698511664752965,0.26985116648057345,0.2698511889863466
0.2,1.0,48,4,0.3478197857711226,0.3194359555001457,0.34781478037844427
0.305,0.2,16,4,0.6227437751296404,0.6227437751296542,0.6227437751196973
0.305,0.2,24,4,0.6395130189512384,0.6395130189311987,0.6395130200225514
0.315,0.2,16,4,0.6255434006614359,0.6255434006614272,0.6255434006563493
0.315,0.2,24,4,4.416528554647213,4.416528558034789,4.416527731022742
0.31,0.0,16,4,2.4103727287184498,2.410372728592662,2.4103727300452795
0.31,0.0,24,4,0.9088694779317225,0.9088694779311562,0.9088694780009116
0.31,0.0,36,4,0.9713639482321055,0.9713639482318625,0.9713639507902156
0.31,0.1,16,4,0.4047265231103529,0.4047265231103285,0.4046291674861081
0.31,0.1,16,6,0.723329811574973,0.7233298115749711,0.7233298192303632
0.31,0.31,16,4,1.2618102031647052,1.2618102031644807,1.2618102031755913
0.31,0.31,24,4,7.037682281395861,7.0376823041146075,7.037682015956614
0.31,0.39,16,4,2.664909553220383,2.664909553214129,2.664909553009214
0.31,0.39,24,4,0.6710885345390589,0.6710885345590849,0.6710885362560377
0.325,0.1,48,4,0.4423272509920448,0.4423272509439305,0.44232724992439465
0.325,0.25,48,4,7.473135585099951,7.4731355865771185,7.473135568692154
0.325,0.2,48,4,0.6356162955174957,0.6356162926177806,0.6354381098865348
0.325,0.31,48,4,1.2626812298338956,1.2626812298222208,1.262681229936088
0.325,0.325,48,4,1.4951124259226136,1.495112425930709,1.4951121009805965
0.325,0.32,48,4,1.403908310430648,1.4039083104650116,1.4039083126927963
0.325,0.33,48,4,0.8844321409525293,0.8844321409508793,0.8844321409131527
0.325,0.34,48,4,5.8152952137034,5.81529521166257,5.815295244960102
0.325,0.38,48,4,0.7433391386683236,0.7433391386572162,0.7433391732942424
0.325,0.39,48,4,0.6827686775255695,0.6827686773611567,0.682773370033854
0.325,0.5,48,4,0.43358232733577307,0.4335823253902128,0.4336116213565016
0.325,0.6,48,4,3.752999689475408e14,9.007199254740992e15,0.3631540077138288
0.325,0.7,48,4,4.503599627370496e15,2.047090739713857e14,0.3126848755375937
0.325,0.8,48,4,6.92861481133922e14,4.503599627370496e15,0.2370464435588481
0.325,0.9,48,4,1.501199875790165e15,1.1258999068426235e15,0.2644152815879443
0.325,1.0,48,4,9.007199254740988e14,4.503599627370496e15,0.28441214524933883
0.32,0.0,16,4,1.286742750677284e15,2.2636841555011313e12,4.872480315171243
0.32,0.0,24,4,1.1295762932526832,1.1295762932505473,1.129576293271162
0.32,0.0,36,4,1.2504290899239492,1.250429089916794,1.2504290923748869
0.32,0.1,16,4,0.4204593382351357,0.42045933823664505,0.4204812843546497
0.32,0.1,36,4,0.43056545694009896,0.4305654576035732,0.4305654564405282
0.32,0.2,36,4,0.6287508484081782,0.6287508484234848,0.6287508388297396
0.32,0.32,16,4,1.3870700406297383,1.3870700406298253,1.387070040631505
0.32,0.32,24,4,2.8469334597074995e9,1.5823312746306232e10,1.3959152355595534
0.32,0.32,36,4,1.4106087167512094,1.4106087167426578,1.4106087168075083
0.32,0.33,36,4,1.6121945400098165,1.612194540005235,1.6121945385599148
0.32,0.34,36,4,1.9083080748083967,1.9083080748026382,1.908308074733951
0.32,0.36,48,4,3.9161735890178175e14,9.007199254740992e15,0.9024697326625296
0.32,0.37,48,4,6.948666626261469,6.948666629785497,6.877530763495925
0.32,0.38,16,4,977.6030323630388,3.721092300942607e6,2.596249355782972
0.32,0.38,24,4,0.7401114115988653,0.7401114116022032,0.7401114096362942
0.32,0.39,48,4,5.486513557551677,5.486513374555217,5.483162518021439
0.32,0.3,36,4,1.1513073795145448,1.1513073795207114,1.1513073802627645
0.32,0.5,36,4,0.4267772059563387,0.42677720595376023,0.4267772134271158
0.32,0.5,48,4,4.094181479427718e14,6.433713753386418e14,0.42444020172080926
0.32,0.6,48,4,9.007199254740988e14,4.503599627370496e15,0.380114326565672
0.32,0.7,48,4,2.2517998136852475e15,4.503599627370491e14,0.30059413343403907
0.32,0.8,48,4,2.2517998136852475e15,9.007199254740988e14,0.254025431046282
0.32,0.8,48,6,0.3809916495080534,0.3809916495081902,0.3809916360380298
0.32,0.9,48,4,1.1258999068426235e15,4.503599627370496e15,0.32589202420567476
0.32,0.9,48,6,0.3424312551965699,0.34243125519588485,0.3424332491670149
0.32,1.0,36,4,2.196877867009993e14,5.003999585967213e14,0.22530462840161927
0.32,1.0,48,4,4.503599627370496e15,5.629499534213115e14,0.22146264884381317
0.335,0.2,16,4,0.6188651667271886,0.6188651667271837,0.6188651667506507
0.335,0.2,24,4,0.6317004751126616,0.6317004750404536,0.6317005544821795
0.33,0.0,16,4,1.7826052779929609,1.7826052778976575,1.7826286935561033
0.33,0.0,24,4,2.0570383739902587,2.05703837388956,2.073705868172328
0.33,0.0,36,4,1.8444221786675976,1.8444221787242208,1.8444221780218175
0.33,0.1,16,4,0.44356811276647135,0.44356811276632996,0.44357569328603214
0.33,0.1,36,4,0.45491271253210164,0.45491271262314015,0.4549127116056096
0.33,0.1,48,4,0.4550421951219252,0.45504219501674353,0.45502815656529083
0.33,0.25,48,4,3.752999689475408e14,6.433713753386418e14,0.8172689738603681
0.33,0.2,36,4,6.433713753386418e14,2.2517998136852475e15,0.6282119175835986
0.33,0.2,48,4,0.6369251455378736,0.6369251455346799,0.6369251982610697
0.33,0.31,48,4,1.2652810942037829,1.2652810942115398,1.2652810962382202
0.33,0.325,48,4,1.483565451702168,1.4835654517487917,1.4835655768954583
0.33,0.32,36,4,1.3987094388264962,1.398709438829681,1.398709441386411
0.33,0.32,48,4,1.3931181277811968,1.3931181277829328,1.3931181261382097
0.33,0.335,48,4,5.538583565802639,5.53858356383347,5.538583584988257
0.33,0.33,16,4,3.4783066503850755,3.4783066518757093,3.478306610113377
0.33,0.33,24,4,1.5656068032602,1.5656068032563755,1.5656068012640332
0.33,0.33,48,4,1.5980316666127856,1.5980316664196264,1.5980316656056468
0.33,0.34,36,4,5.249919140433604,5.249919141834392,5.249919119756822
0.33,0.34,48,4,5.468081572197427,5.468081574028039,5.468081550935393
0.33,0.36,48,4,2.917660233933295,2.917660233938475,2.910462300760489
0.33,0.37,16,4,1.501199875790165e15,9.007199254740992e15,2.971356754916825
0.33,0.37,24,4,4.091470496889961,4.091470497623676,4.091470483632478
0.33,0.3,36,4,1.1473310213556487,1.1473310213824741,1.147331016111242
0.33,0.3,48,4,1.1513098178210757,1.1513098177835097,1.1513098115257847
0.33,1.0,36,4,0.24146735349123152,0.24146735277879017,0.2414676612974036
0.345,0.2,16,4,0.616913111553816,0.6169131115538156,0.6169131115427072
0.345,0.2,24,4,0.6274207835088323,0.6274207834851535,0.6274207616864939
0.34,0.0,16,4,9.433908941016405,9.43390893641091,9.433909044278183
0.34,0.0,24,4,9.141634429350377,9.14163443173688,9.14163439229341
0.34,0.0,36,4,2.2667536732704567,2.2678906023307888,2.2678905964051728
0.34,0.1,16,4,0.4697135891859416,0.4697135891870481,0.46971358918773715
0.34,0.1,36,4,0.4827223494006111,0.48272234935252956,0.48272234955167453
0.34,0.2,36,4,0.6329598040106615,0.6329598040082882,0.6329598221415655
0.34,0.32,36,4,1.3954261152737308,1.395426115266059,1.3954261149236564
0.34,0.33,36,4,1.5723662665157736,1.5723662665140863,1.5723662710884851
0.34,0.34,16,4,1.273566478658282,1.2735664786567396,1.2735664787625294
0.34,0.34,24,4,1.271368277621208,1.2713682776228648,1.2713682775912958
0.34,0.34,36,4,2.7058628461095093,2.705862846107573,2.7058631170388727
0.34,0.36,16,4,1.1015347315134925,1.1015347314967239,1.1015347315335644
0.34,0.36,24,4,4.010308616611244,4.010308617686284,4.01030860236302
0.34,0.5,36,4,0.4256355575140209,0.4256355575528128,0.42563556675114483
0.34,1.0,36,4,0.26007374268861466,0.26007374268844413,0.26007390496680133
0.34,1.0,48,4,0.3070796338085215,0.3070796336248987,0.3070796421129727
0.355,0.2,16,4,0.6284576109477971,0.628457610947795,0.6284576109485589
0.355,0.2,24,4,0.6273178373295543,0.6273178373328446,0.6273178373331249
0.35,0.0,16,4,4.787161596474978,4.787161597148454,4.787058472773523
0.35,0.0,24,4,5.137600684005726,5.137600684407464,5.137600677827055
0.35,0.0,36,4,6.14093082826235,6.140930827872304,6.140930833751041
0.35,0.1,16,4,0.49992118025646926,0.49992118025661264,0.49992118026072885
0.35,0.25,48,4,0.8135502232322668,0.8135502232921781,0.8135502472469007
0.35,0.31,48,4,1.2365913103828174,1.2365913103859623,1.236591314751149
0.35,0.325,48,4,1.4579323046132981,1.4579323046090407,1.4579323243115343
0.35,0.335,48,4,1.666465232062911,1.6664652320675069,1.6664652979950632
0.35,0.33,48,4,1.5574483465032616,1.5574483465065845,1.557448362738166
0.35,0.34,48,4,2.3290884466052946,2.3290884465754775,2.3290884512262817
0.35,0.34,48,6,1.2291781467018728,1.2291781467041902,1.2291781466456362
0.35,0.35,16,4,1.076097656039559,1.0760976560390725,1.0760976233267021
0.35,0.35,24,4,1.0691538413794586,1.0691538413813466,1.0691538413641197
0.35,0.35,48,4,1.089340556865056,1.0893405568812566,1.0893406139902235
0.35,0.36,48,4,0.777058231981457,0.777058231981326,0.7770582313458939
0.35,0.38,48,4,4.270730750189656,4.270730749338169,4.2707307541938695
0.35,0.39,48,4,4.205432033377368,4.205432032610693,4.205432037196931
0.35,0.3,48,4,2.7894404715332217,2.789440471542737,2.7894404714566363
0.35,0.5,48,4,0.41219576520332324,0.4121957647053504,0.41219513383569034
0.35,0.6,48,4,2.2517998136852475e15,4.094181479427718e14,0.3549829488575154
0.35,0.7,48,4,3.00239975158033e15,1.8014398509481978e15,0.31309875651509256
0.35,0.7,48,6,0.37568911585416376,0.3756891158541196,0.375689115809897
0.35,0.8,48,4,7.505999378950821e14,3.752999689475408e14,0.2779767742058214
0.35,0.9,48,4,1.501199875790165e15,1.501199875790165e15,0.2435932661496519
0.35,1.0,48,4,3.105930777496889e14,2.3703155933528878e14,7.63321970740757e13
0.365,0.2,24,4,3.080119035241055,3.080119035494647,3.08011903488548
0.36,0.0,16,4,3.600091878127485,3.600091878004274,3.6000918792770795
0.36,0.0,24,4,3.1602949564434866,3.160294956111101,3.1317551094677745
0.36,0.0,36,4,3.5020783665524413,3.502078366609337,3.502078365883101
0.36,0.1,16,4,0.5353648514301552,0.5353648514303555,0.5353706123682914
0.36,0.1,48,4,58.178851182547476,48.119932394277164,12.344304550774213
0.36,0.25,48,4,3.3086915818738194,3.308691582230301,3.304418977841868
0.36,0.2,48,4,0.6243780890863835,0.6243780891659894,0.6243780821809731
0.36,0.31,48,4,4.3533664218412165,4.353366422506717,4.35336642163721
0.36,0.325,48,4,0.6398823873418623,0.6398823873403868,0.6398823875266263
0.36,0.32,48,4,0.6347859672430406,0.6347859672403939,0.6347746458498467
0.36,0.335,48,4,1.645694407736948,1.6456944077381113,1.6456943999855378
0.36,0.33,48,4,1.5334054792838676,1.533405479286073,1.5334054785318878
0.36,0.34,16,4,1.7425911521099609,1.742591152110805,1.7425911520895658
0.36,0.34,24,4,1.3327103875393609,1.3327103875381823,1.3327101672483284
0.36,0.34,48,4,1.3548800444735407,1.3548800444759521,1.3548800427146825
0.36,0.35,48,4,0.6608824091348509,0.6608824091339629,0.6608824090122285
0.36,0.36,16,4,0.9160388594010886,0.9160388594013508,0.9160388593911438
0.36,0.36,24,4,2.047090739713857e14,5.925788983382182e13,0.936391156016471
0.36,0.36,48,4,0.9398976214308014,0.9398976213081575,0.9398976366361719
0.36,0.37,48,4,0.841592679305831,0.8415926787916546,0.8415926843536132
0.36,0.38,48,4,3.9937519111000435,3.9937519119384777,3.9937519089990885
0.36,0.39,48,4,0.7088246277905348,0.7088246277757797,0.7088246311527278
0.36,0.3,48,4,7.11605297356653,7.116052970653063,7.116038793515834
0.36,0.4,48,4,0.6661636654115756,0.6661636654005316,0.66616366539096
0.36,0.5,48,4,1.216682911856644,1.216682911856192,1.2166838401972335
0.36,0.6,48,4,9.007199254740992e15,3.00239975158033e15,0.35807649673282416
0.36,0.7,48,4,2.2517998136852475e15,1.8014398509481978e15,0.29188227250315385
0.36,0.8,48,4,9.007199254740988e14,2.501999792983604e14,0.2851047588623026
0.36,0.9,48,4,0.4043137503914569,0.404313750391276,0.404313750502531
0.36,1.0,48,4,0.6385774365317357,0.6385774365326202,0.6385774381992582
0.375,0.2,16,4,0.5641778068230382,0.5641778068230374,0.5641778068230358
0.375,0.2,24,4,6.098928915000198,6.098928918298449,6.099092974527277
0.37,0.0,16,4,0.6456525011297679,0.6456525011298998,0.645652501132469
0.37,0.0,24,4,2.298452675132336,2.2984526751512226,2.2984526729849835
0.37,0.0,36,4,2.736569105194334,2.7365691051847554,2.7365691052681123
0.37,0.1,16,4,0.5782351027215008,0.5782351027214351,0.5782351027214248
0.37,0.25,48,4,4.343544517930273,4.343544516864705,4.343544530022204
0.37,0.2,48,4,4.070053595892958,4.070053596861978,4.066233014383937
0.37,0.31,48,4,1.2133297050440155,1.2133297050359007,1.2133297049103127
0.37,0.325,48,4,1.4130466768228156,1.4130466768396295,1.4130466748853667
0.37,0.335,48,4,3.915211563216599,3.9152115629041635,3.9152115647399683
0.37,0.33,16,4,2.977999052618788,2.977999053111546,2.977999047056278
0.37,0.33,48,4,1.5125029429316306,1.512502942922596,1.5125025160521706
0.37,0.34,48,4,3.8937953615289658,3.893795360904984,3.8937953613909495
0.37,0.35,48,4,2.1571732729838926,2.157173272991247,2.157173249064396
0.37,0.36,48,4,1.8546113527127803,1.8546113527040509,1.8546097845182874
0.37,0.37,16,4,0.6529226206727018,0.6529226206727274,0.6529226206724472
0.37,0.37,24,4,0.8580257137748103,0.858025713778346,0.8580257138537037
0.37,0.39,48,4,0.7116937866482841,0.7116937866424774,0.7116937917195253
0.37,0.3,48,4,0.702378505437456,0.7023785054377027,0.7023785046752897
0.37,0.6,48,4,6.004799503160656e14,6.92861481133922e14,0.37474606888619794
0.37,0.7,48,4,1.501199875790165e15,1.501199875790165e15,0.2637331549375098
0.37,0.8,48,4,5.629499534213115e14,6.433713753386418e14,0.26998456750492755
0.37,0.8,48,6,0.3223090297826337,0.3223090297828702,0.3223090297886068
0.37,0.9,48,4,1.501199875790165e15,1.1258999068426235e15,0.2489336131063306
0.37,1.0,48,4,1.501199875790165e15,1.501199875790165e15,0.2795217007828289
0.385,0.2,16,4,0.652847715494843,0.6528477154948554,0.6528477154959706
0.385,0.2,24,4,0.679367786365882,0.6793677863729686,0.6793677843512131
0.38,0.0,16,4,1.147222861130085,2.5008970969506548,1.1472228602711132
0.38,0.0,24,4,2.4481467443124796,2.4481467443036293,2.448146741943715
0.38,0.0,36,4,2.47525303999467,2.4752530399870984,2.4752530393416734
0.38,0.1,16,4,0.6319674494709858,0.6319674494709521,0.631967449471846
0.38,0.1,48,4,2.2951061185019745,2.295106118505827,2.295106118468333
0.38,0.2,48,4,0.6593360147163363,0.6593360149284876,0.6593360142139472
0.38,0.31,48,4,3.687751971473541,3.687751970972232,3.6877519703258383
0.38,0.32,16,4,1.3039171784544048,1.3039171784531718,1.3039171784918575
0.38,0.32,24,4,4.029907120541675,4.029907119861676,4.029907140203338
0.38,0.335,48,4,5.905959242276478,5.90592704710033,5.905959099812358
0.38,0.34,48,4,1.6065368274104372,1.6065368274109455,1.6065368274292293
0.38,0.35,48,4,3.596119636648912,3.596119635984229,3.5961196365475385
0.38,0.37,48,4,86.15215071508413,49.87162804386428,38.19087287118336
0.38,0.38,16,4,5.078639020222832,5.078639022087207,5.07863895049896
0.38,0.38,24,4,3.109725157307997,3.1097251575677185,3.1097251566722037
0.38,0.38,48,4,2.0820682509401247,2.0820682509293476,2.0820682516160467
0.38,0.39,48,4,3.5852408457628475,3.5852408457113,3.579751150044763
0.38,0.3,48,4,0.5576461914467534,0.5576461914470738,0.5576461914821946
0.38,0.4,48,4,0.6807242324900857,0.6807242325002287,0.6807242751196451
0.38,0.5,48,4,0.42879773324470405,0.42879773311613256,0.428798312460271
0.38,0.6,48,4,7.505999378950821e14,2.2517998136852475e15,0.35923253636610375
0.38,0.8,48,4,1.2186829432869106,1.2186829432863469,1.2186829412882365
0.38,0.9,48,4,1.8764998447377016e14,3.752999689475408e14,0.24868903176616589
0.38,1.0,48,4,4.503599627370496e15,3.752999689475408e14,0.27185802945106197
0.395,0.2,16,4,0.5122640995421234,0.5122640995421284,0.5122640995417789
0.395,0.2,24,4,1.7308687844762047,1.7308687844713722,1.7308687845760489
0.39,0.0,16,4,1.8537357080474601,1.8537357080541454,1.8537357079665728
0.39,0.0,24,4,2.07802037139818,2.078020371403083,2.0780203713998064
0.39,0.0,36,4,2.1928640026088297,2.192864002605822,2.1928640026093964
0.39,0.1,16,4,0.7028835646321043,0.7028835646321518,0.7028937081376416
0.39,0.25,48,4,9.007199254740988e14,1.4527740733453162e14,7.382950208804042e13
0.39,0.2,48,4,1.0037291965416388,1.003729196540825,1.0037291964583472
0.39,0.31,16,4,2.0865455360922516,2.08654553622049,2.0865455341794106
0.39,0.31,24,4,0.5214861530620649,0.5214861530621013,0.5214861530664845
0.39,0.31,48,4,1.6030871556694364,1.6030871556633883,1.6030871587516493
0.39,0.325,48,4,1.3722847926715662,1.3722847926837205,1.3722847949467425
0.39,0.32,48,4,5.525133238762404,5.5240560000553565,5.524055922196109
0.39,0.33,48,4,0.7261025781491494,0.7261025781491133,0.7261025781595456
0.39,0.35,48,4,143339.30735657722,139704.2001499488,0.5468205088424781
0.39,0.36,48,4,3.8408113709147993,3.8408113712752048,3.8408113599568794
0.39,0.38,48,4,44.40571605712869,14.62896737320746,73.50329231330188
0.39,0.39,16,4,4.648332882647521,4.648332884119472,4.648332834264717
0.39,0.39,24,4,2.040477665847245,2.0404776658606183,2.04047766573132
0.39,0.3,48,4,1.0887163722296782,1.0887163722378337,1.0887163723665108
0.3,0.1,16,4,0.405214093217794,0.40521409321779006,0.40521409209101295
0.3,0.1,16,6,0.7080676638156569,0.7080676638156591,0.7080676638157607
0.3,0.1,36,4,3.696322740778401e11,2.770934367416704e11,0.389297522075879
0.3,0.2,36,4,0.6387600778912621,0.6387600779068234,0.6387600780892579
0.3,0.32,36,4,1.4327767829446862,1.4327767829417537,1.4327769236066703
0.3,0.33,36,4,1.6337313246780716,1.6337313246741214,1.633731320595209
0.3,0.34,36,4,1.9577714764000342,1.9577714764023855,1.957771384743015
0.3,0.5,36,4,0.419420134019138,0.41942013571918507,0.4194175284298281
0.41,0.0,16,4,0.5950861588789036,0.5950861588789131,0.5950861588814047
0.41,0.0,24,4,0.950601834610272,0.9506018346101821,0.9506018346116073
0.41,0.0,36,4,1.7171750892820072,1.717175089282619,1.7171750892565558
0.41,0.1,16,4,1.0486414970665046,1.0486414970680698,1.0486414967754734
0.41,0.29,16,4,2.1109718351991242,1.3726690012750895,2.1109718353926783
0.41,0.29,24,4,0.48586968055056035,0.4858696805505546,0.4858696805541214
0.41,0.41,16,4,3.9759444601385647,3.97594445651052,3.9759445564200178
0.42,0.0,16,4,1.318368690005947,1.318368690007435,1.318368689991222
0.42,0.0,24,4,1.5300811297132642,1.5300811297138952,1.5300811297321883
0.42,0.0,36,4,1.5139508084576467,1.5139508084579025,1.5139508021143142
0.42,0.28,16,4,1.2639751221586968,1.263975122157215,1.2639751221625
0.42,0.28,24,4,0.4711157922569998,0.47111579225703043,0.4711157922563916
0.42,0.42,16,4,0.6298672169029194,0.6298672169029159,0.6298672218488646
0.42,0.42,24,4,2.5200420798413274,2.5200420806348656,2.5200420796681553
0.43,0.0,16,4,0.6032037850370376,0.6032037850371442,0.6032037850853447
0.43,0.0,24,4,1.4099711439700617,1.4099711439703277,1.4099711564979844
0.43,0.0,36,4,1.4577114832072993e12,1.086513782236499e13,1.2425573154751943
0.43,0.27,16,4,1.207906425912829,1.2079064259145729,1.2079064259605148
0.43,0.27,24,4,0.5516229340705853,0.5516229340705971,0.5516229340506511
0.43,0.43,16,4,1.1851577966764412e14,5.003999585967213e14,2.814749767106555e14
0.43,0.43,24,4,4.611132652067722,4.611132652577208,4.611135082002414
0.44,0.0,24,4,1.1914448039348322,1.1914448039346943,1.1914448039363161
0.44,0.0,36,4,1.4066579539287019,1.4066579539294486,1.4066579544633435
0.44,0.26,16,4,1.222396786511369,1.2223967865133696,1.2223967864909369
0.44,0.26,24,4,1.2906132721199866,1.2906132721183265,1.2906132720878112
0.44,0.44,16,4,0.6205816863582418,0.6205816863582467,0.6205816863603597
0.44,0.44,24,4,4.362159869203866,4.362159868727614,4.362160630023645
0.45,0.0,16,4,1.1248641336758853,1.2609643971677431,1.2609643971693618
0.45,0.0,24,4,0.9876501818305907,0.9876501818304354,0.987650181456575
0.45,0.0,36,4,0.9766748443738401,0.9766748443738006,0.9766748443891028
0.45,0.45,16,4,1.9844862728492092,1.9844862728510992,1.984486272880187
0.45,0.45,24,4,0.9794734112415249,0.9794734112419454,0.9794734095880427
0.4,0.1,16,4,0.8057369700799288,0.8057369700801027,0.8057369700655638
0.51,0.59,16,4,0.9371767136113444,0.9371767136128638,0.9371767135865203
0.51,0.59,24,4,0.6911428012555505,0.6911428012556253,0.6911428012543618
0.52,0.58,16,4,0.8996073530337179,0.8996073530326948,0.8996073530492256
0.52,0.58,24,4,0.9223903124757536,0.9223903124757176,0.9223903124766779
0.53,0.57,16,4,1.412722750322439,1.412722750332072,1.412722750299065
0.53,0.57,24,4,1.2961527955280812,1.2961527955235108,1.296152795627592
0.54,0.56,16,4,5.534578217138421,5.534482263977709,5.717785496391976
0.54,0.56,24,4,0.8908793584603659,0.8908793584595798,0.890879358463947
0.55,0.55,16,4,5.850306505273935,5.850306501118342,6.489849452810501
0.55,0.55,24,4,1.6171532812098852,1.617153281216483,1.6171532811456468
0.56,0.54,16,4,0.9935547841980459,0.9935547842153382,0.993548080711961
0.56,0.54,24,4,1.1569057897496977,1.1569057897490853,1.1569057897597086
0.57,0.53,16,4,0.7752777380778306,0.7752777380779639,0.7752777380178077
0.57,0.53,24,4,0.8482895470680285,0.848289547068047,0.8482895470663383
0.58,0.52,16,4,1.23386291160835e14,1.8123137333482383e13,0.7745987873918077
0.58,0.52,24,4,0.8099618133578234,0.8099618133578412,0.809961813358556
0.5,0.2,36,4,1.368675355316096,1.3686753553122584,1.368675355340166
0.5,0.32,36,4,2.198633578336201,2.1986335783681237,2.198633577259043
0.5,0.34,36,4,2.2423144863924516,2.2423144864675297,2.242314480357473
0.5,0.3,36,4,1.829899956536473,1.8298999565280758,1.8298999566628913
0.5,0.5,36,4,1.746152179846853,1.7461521798140474,1.7461521802570343
0.5,1.0,36,4,0.2800441077429036,0.2800441057550754,0.2800408085313291
1.0,0.1,36,4,0.7183067266827053,0.7183067266873637,0.7183066935235625
1.0,0.2,36,4,0.7866216660105997,0.7866216660106125,0.7866216649785044
1.0,0.32,36,4,0.863832201590488,0.8638322015916426,0.863832201039622
1.0,0.33,36,4,0.8653280378751215,0.8653280378751282,0.8653280378450457
1.0,0.34,36,4,0.8645363156629347,0.8645363156628407,0.8645363158227418
1.0,0.3,36,4,0.8726162365031791,0.87261623648693,0.8726162375604268
1.0,0.5,36,4,0.9122733869112264,0.9122733869132162,0.9122733869126284
1.0,1.0,36,4,0.6653107183265529,0.6653107183265721,0.665310718329168
